-- phpMyAdmin SQL Dump
-- version 4.7.7
-- https://www.phpmyadmin.net/
--
-- Host: 127.0.0.1
-- Generation Time: Aug 06, 2020 at 04:16 PM
-- Server version: 10.1.30-MariaDB
-- PHP Version: 7.2.2

SET SQL_MODE = "NO_AUTO_VALUE_ON_ZERO";
SET AUTOCOMMIT = 0;
START TRANSACTION;
SET time_zone = "+00:00";


/*!40101 SET @OLD_CHARACTER_SET_CLIENT=@@CHARACTER_SET_CLIENT */;
/*!40101 SET @OLD_CHARACTER_SET_RESULTS=@@CHARACTER_SET_RESULTS */;
/*!40101 SET @OLD_COLLATION_CONNECTION=@@COLLATION_CONNECTION */;
/*!40101 SET NAMES utf8mb4 */;

--
-- Database: `performap360`
--
CREATE DATABASE IF NOT EXISTS `performap360` DEFAULT CHARACTER SET latin1 COLLATE latin1_swedish_ci;
USE `performap360`;

-- --------------------------------------------------------

--
-- Table structure for table `absensi_karyawan`
--

CREATE TABLE `absensi_karyawan` (
  `NIK` varchar(11) NOT NULL,
  `tgl_kerja` date NOT NULL,
  `absen_masuk` time NOT NULL,
  `foto_masuk` text NOT NULL,
  `absen_keluar` time NOT NULL,
  `foto_keluar` text NOT NULL,
  `ket` varchar(50) NOT NULL,
  `tgl_pengajuan` date NOT NULL
) ENGINE=InnoDB DEFAULT CHARSET=latin1;

--
-- Dumping data for table `absensi_karyawan`
--

INSERT INTO `absensi_karyawan` (`NIK`, `tgl_kerja`, `absen_masuk`, `foto_masuk`, `absen_keluar`, `foto_keluar`, `ket`, `tgl_pengajuan`) VALUES
('07.1', '2019-02-14', '00:00:00', '', '00:00:00', '', 'Sakit', '2019-02-14'),
('10.1', '2019-02-18', '00:00:00', '', '00:00:00', '', 'Izin', '2019-02-15'),
('10.1', '2019-02-15', '10:49:09', '', '00:00:00', '', '', '0000-00-00'),
('10.1', '2019-02-20', '08:30:00', '', '17:30:00', '', '', '0000-00-00'),
('10.1', '2019-02-22', '00:00:00', '', '00:00:00', '', 'Izin Ditolak', '2019-02-18'),
('01.1', '2019-02-23', '00:00:00', '', '00:00:00', '', 'Cuti', '2019-02-18'),
('10.1', '2019-02-26', '00:00:00', '', '00:00:00', '', 'Izin', '2019-02-18'),
('02.1', '2019-02-19', '00:00:00', '', '00:00:00', '', 'Izin', '2019-02-18'),
('02.1', '2019-02-18', '08:00:00', '', '16:30:00', '', '', '0000-00-00'),
('10.1', '2019-02-19', '00:00:00', '', '00:00:00', '', 'Izin', '2019-02-18'),
('09.1', '2019-02-19', '10:51:36', '', '10:53:20', '', '', '0000-00-00'),
('03.1', '2019-02-19', '11:19:27', '', '00:00:00', '', '', '0000-00-00'),
('10.1', '2019-02-27', '00:00:00', '', '00:00:00', '', '', '2019-02-19'),
('10.1', '2019-03-01', '00:00:00', '', '00:00:00', '', 'Izin', '2019-02-19'),
('10.1', '2019-02-28', '00:00:00', '', '00:00:00', '', 'Cuti', '2019-02-20'),
('10.1', '2019-02-23', '00:00:00', '', '00:00:00', '', 'Cuti', '2019-02-20'),
('10.1', '2019-02-25', '00:00:00', '', '00:00:00', '', 'Izin', '2019-02-20'),
('10.1', '2019-02-01', '00:00:00', '', '00:00:00', '', 'Izin', '2019-02-20'),
('10.1', '2019-02-02', '00:00:00', '', '00:00:00', '', 'Cuti', '2019-02-20'),
('02.1', '2019-02-20', '08:30:00', '', '16:30:00', '', 'Izin', '0000-00-00'),
('10.1', '2019-03-05', '00:00:00', '', '00:00:00', '', 'Izin', '2019-02-21'),
('10.1', '2019-03-06', '00:00:00', '', '00:00:00', '', 'Izin Ditolak', '2019-02-21'),
('10.1', '2019-02-07', '00:00:00', '', '00:00:00', '', 'Cuti', '2019-02-21'),
('10.1', '2019-03-08', '00:00:00', '', '00:00:00', '', 'Izin Ditolak', '2019-02-21'),
('10.1', '2019-03-12', '00:00:00', '', '00:00:00', '', 'Izin', '2019-02-21'),
('10.1', '2019-03-13', '00:00:00', '', '00:00:00', '', 'Cuti', '2019-02-21'),
('10.1', '2019-03-14', '00:00:00', '', '00:00:00', '', 'Izin Ditolak', '2019-02-21'),
('10.1', '2019-03-15', '00:00:00', '', '00:00:00', '', 'Cuti Ditolak', '2019-02-21'),
('10.1', '2019-03-23', '00:00:00', '', '00:00:00', '', 'Cuti', '2019-02-21'),
('01.1', '2019-02-22', '08:29:00', '', '16:31:00', '', '', '0000-00-00'),
('01.1', '2019-02-22', '08:29:00', '', '16:31:00', '', '', '0000-00-00'),
('01.1', '2019-02-22', '08:29:00', '', '16:31:00', '', '', '0000-00-00'),
('01.1', '2019-02-22', '08:29:00', '', '16:31:00', '', '', '0000-00-00'),
('02.1', '2019-02-22', '08:29:00', '', '16:31:00', '', '', '0000-00-00'),
('01.1', '2019-05-11', '12:34:56', '', '12:35:13', '', '', '0000-00-00'),
('10.1', '2019-10-24', '15:25:14', '', '15:25:26', '', '', '0000-00-00'),
('192.168.1.6', '2019-10-25', '00:00:00', '', '00:00:00', '', 'Cuti', '2019-10-24'),
('192.168.1.6', '2019-10-28', '00:00:00', '', '00:00:00', '', 'Izin Ditolak', '2019-10-24'),
('10.1', '2019-10-21', '00:00:00', '', '00:00:00', '', 'Izin', '2019-10-24'),
('10.1', '2019-10-25', '08:18:00', '', '16:31:00', '', 'Cuti Ditolak', '2019-10-24'),
('10.1', '2019-10-26', '00:00:00', '', '00:00:00', '', 'Pengajuan Cuti : off', '2019-10-25'),
('10.1', '2019-10-01', '08:18:00', '', '16:31:00', '', '', '0000-00-00'),
('10.1', '2019-10-02', '08:29:00', '', '16:31:00', '', '', '0000-00-00'),
('10.1', '2019-10-03', '08:18:00', '', '16:31:00', '', '', '0000-00-00'),
('10.1', '2019-10-04', '08:18:00', '', '16:31:00', '', '', '0000-00-00'),
('10.1', '2019-10-05', '08:18:00', '', '16:31:00', '', '', '0000-00-00'),
('10.1', '2019-10-07', '08:18:00', '', '16:31:00', '', '', '0000-00-00'),
('10.1', '2019-10-08', '08:18:00', '', '16:31:00', '', '', '0000-00-00'),
('10.1', '2019-10-09', '08:18:00', '', '16:31:00', '', '', '0000-00-00'),
('10.1', '2019-10-10', '08:18:00', '', '16:31:00', '', '', '0000-00-00'),
('10.1', '2019-10-11', '08:18:00', '', '16:31:00', '', '', '0000-00-00'),
('10.1', '2019-10-12', '08:18:00', '', '16:31:00', '', '', '0000-00-00'),
('10.1', '2019-10-14', '08:31:00', '', '16:31:00', '', '', '0000-00-00'),
('10.1', '2019-10-15', '08:18:00', '', '16:31:00', '', '', '0000-00-00'),
('10.1', '2019-10-16', '08:18:00', '', '16:31:00', '', '', '0000-00-00'),
('10.1', '2019-10-18', '08:18:00', '', '16:31:00', '', '', '0000-00-00'),
('10.1', '2019-10-19', '08:18:00', '', '16:31:00', '', '', '0000-00-00'),
('10.1', '2019-10-22', '00:00:00', '', '00:00:00', '', 'Sakit', '2019-10-21'),
('10.1', '2019-10-23', '08:18:00', '', '16:31:00', '', '', '0000-00-00'),
('10.1', '2019-10-26', '08:18:00', '', '16:31:00', '', '', '0000-00-00'),
('10.1', '2019-10-28', '08:18:00', '', '16:31:00', '', '', '0000-00-00'),
('10.1', '2019-10-29', '08:18:00', '', '16:31:00', '', '', '0000-00-00'),
('10.1', '2019-10-31', '00:00:00', '', '00:00:00', '', 'Cuti', '2019-10-25'),
('10.1', '2019-10-17', '00:00:00', '', '00:00:00', '', 'Izin', '2019-10-26'),
('01.1', '2019-10-01', '08:30:00', '', '16:30:00', '', '', '0000-00-00'),
('01.1', '2019-10-02', '08:30:00', '', '16:30:00', '', '', '0000-00-00'),
('01.1', '2019-10-03', '08:30:00', '', '16:30:00', '', '', '0000-00-00'),
('01.1', '2019-10-04', '08:30:00', '', '16:30:00', '', '', '0000-00-00'),
('01.1', '2019-10-05', '08:30:00', '', '16:30:00', '', '', '0000-00-00'),
('01.1', '2019-10-07', '08:30:00', '', '16:30:00', '', '', '0000-00-00'),
('01.1', '2019-10-08', '08:30:00', '', '16:30:00', '', '', '0000-00-00'),
('01.1', '2019-10-09', '08:30:00', '', '16:30:00', '', '', '0000-00-00'),
('01.1', '2019-10-10', '08:30:00', '', '16:30:00', '', '', '0000-00-00'),
('01.1', '2019-10-11', '08:30:00', '', '16:30:00', '', '', '0000-00-00'),
('01.1', '2019-10-12', '08:30:00', '', '16:30:00', '', '', '0000-00-00'),
('01.1', '2019-10-14', '08:30:00', '', '16:30:00', '', '', '0000-00-00'),
('01.1', '2019-10-15', '08:30:00', '', '16:30:00', '', '', '0000-00-00'),
('01.1', '2019-10-16', '08:30:00', '', '16:30:00', '', '', '0000-00-00'),
('01.1', '2019-10-17', '08:30:00', '', '16:30:00', '', '', '0000-00-00'),
('01.1', '2019-10-18', '08:30:00', '', '16:30:00', '', '', '0000-00-00'),
('01.1', '2019-10-19', '08:30:00', '', '16:30:00', '', '', '0000-00-00'),
('01.1', '2019-10-21', '08:30:00', '', '16:30:00', '', '', '0000-00-00'),
('01.1', '2019-10-22', '08:30:00', '', '16:30:00', '', '', '0000-00-00'),
('01.1', '2019-10-23', '08:30:00', '', '16:30:00', '', '', '0000-00-00'),
('01.1', '2019-10-24', '08:30:00', '', '16:30:00', '', '', '0000-00-00'),
('01.1', '2019-10-25', '08:30:00', '', '16:30:00', '', '', '0000-00-00'),
('01.1', '2019-10-26', '08:30:00', '', '16:30:00', '', '', '0000-00-00'),
('01.1', '2019-10-28', '08:30:00', '', '16:30:00', '', '', '0000-00-00'),
('01.1', '2019-10-29', '08:30:00', '', '16:30:00', '', '', '0000-00-00'),
('01.1', '2019-10-30', '08:30:00', '', '16:30:00', '', '', '0000-00-00'),
('01.1', '2019-10-31', '08:30:00', '', '16:30:00', '', '', '0000-00-00'),
('01.1', '2020-03-07', '11:14:59', '', '11:15:37', '', '', '0000-00-00');

-- --------------------------------------------------------

--
-- Table structure for table `detail_karbag`
--

CREATE TABLE `detail_karbag` (
  `Nama_Lengkap` varchar(50) NOT NULL,
  `nambag` varchar(50) NOT NULL
) ENGINE=InnoDB DEFAULT CHARSET=latin1;

-- --------------------------------------------------------

--
-- Table structure for table `detail_nilai`
--

CREATE TABLE `detail_nilai` (
  `kdnilai` int(20) NOT NULL,
  `kdkri` varchar(20) NOT NULL,
  `kdsub` varchar(20) NOT NULL,
  `kdpenilai` varchar(20) NOT NULL,
  `nilai` double NOT NULL
) ENGINE=InnoDB DEFAULT CHARSET=latin1;

--
-- Dumping data for table `detail_nilai`
--

INSERT INTO `detail_nilai` (`kdnilai`, `kdkri`, `kdsub`, `kdpenilai`, `nilai`) VALUES
(1, '01', 'A', '01', 2),
(1, '01', 'B', '01', 3),
(1, '02', 'A2', '01', 3),
(1, '02', 'B2', '01', 3),
(1, '03', 'A3', '01', 4),
(1, '03', 'B3', '01', 3),
(1, '03', 'C3', '01', 1),
(1, '04', 'A4', '01', 3),
(1, '04', 'B4', '01', 3),
(1, '04', 'C4', '01', 3),
(1, '05', 'A5', '01', 5),
(1, '05', 'B5', '01', 4),
(1, '05', 'C5', '01', 3),
(1, '06', 'A6', '01', 3),
(1, '06', 'B6', '01', 5),
(1, '06', 'C6', '01', 3),
(1, '06', 'D6', '01', 3),
(1, '07', 'A7', '01', 4),
(1, '07', 'B7', '01', 2),
(1, '07', 'C7', '01', 3),
(2, '01', 'A', '01', 4),
(2, '01', 'B', '01', 4),
(2, '02', 'A2', '01', 4),
(2, '02', 'B2', '01', 4),
(2, '03', 'A3', '01', 4),
(2, '03', 'B3', '01', 3),
(2, '03', 'C3', '01', 4),
(2, '04', 'A4', '01', 3),
(2, '04', 'B4', '01', 3),
(2, '04', 'C4', '01', 4),
(2, '05', 'A5', '01', 3),
(2, '05', 'B5', '01', 4),
(2, '05', 'C5', '01', 4),
(2, '06', 'A6', '01', 3),
(2, '06', 'B6', '01', 4),
(2, '06', 'C6', '01', 3),
(2, '06', 'D6', '01', 5),
(2, '07', 'A7', '01', 4),
(2, '07', 'B7', '01', 2),
(2, '07', 'C7', '01', 1),
(3, '01', 'A', '01', 5),
(3, '01', 'B', '01', 5),
(3, '02', 'A2', '01', 5),
(3, '02', 'B2', '01', 5),
(3, '03', 'A3', '01', 5),
(3, '03', 'B3', '01', 5),
(3, '03', 'C3', '01', 4),
(3, '04', 'A4', '01', 5),
(3, '04', 'B4', '01', 4),
(3, '04', 'C4', '01', 5),
(3, '05', 'A5', '01', 5),
(3, '05', 'B5', '01', 5),
(3, '05', 'C5', '01', 3),
(3, '06', 'A6', '01', 5),
(3, '06', 'B6', '01', 4),
(3, '06', 'C6', '01', 3),
(3, '06', 'D6', '01', 4),
(3, '07', 'A7', '01', 4),
(3, '07', 'B7', '01', 3),
(3, '07', 'C7', '01', 4),
(4, '01', 'A', '02', 2),
(4, '01', 'B', '02', 3),
(4, '02', 'A2', '02', 4),
(4, '02', 'B2', '02', 3),
(4, '03', 'A3', '02', 3),
(4, '03', 'B3', '02', 3),
(4, '03', 'C3', '02', 3),
(4, '04', 'A4', '02', 3),
(4, '04', 'B4', '02', 2),
(4, '04', 'C4', '02', 3),
(4, '05', 'A5', '02', 3),
(4, '05', 'B5', '02', 4),
(4, '05', 'C5', '02', 3),
(4, '06', 'A6', '02', 3),
(4, '06', 'B6', '02', 3),
(4, '06', 'C6', '02', 3),
(4, '06', 'D6', '02', 4),
(5, '01', 'A', '02', 3),
(5, '01', 'B', '02', 3),
(5, '02', 'A2', '02', 2),
(5, '02', 'B2', '02', 4),
(5, '03', 'A3', '02', 4),
(5, '03', 'B3', '02', 4),
(5, '03', 'C3', '02', 4),
(5, '04', 'A4', '02', 4),
(5, '04', 'B4', '02', 4),
(5, '04', 'C4', '02', 4),
(5, '05', 'A5', '02', 4),
(5, '05', 'B5', '02', 3),
(5, '05', 'C5', '02', 4),
(5, '06', 'A6', '02', 4),
(5, '06', 'B6', '02', 4),
(5, '06', 'C6', '02', 3),
(5, '06', 'D6', '02', 3),
(6, '01', 'A', '02', 5),
(6, '01', 'B', '02', 4),
(6, '02', 'A2', '02', 5),
(6, '02', 'B2', '02', 4),
(6, '03', 'A3', '02', 5),
(6, '03', 'B3', '02', 4),
(6, '03', 'C3', '02', 5),
(6, '04', 'A4', '02', 5),
(6, '04', 'B4', '02', 4),
(6, '04', 'C4', '02', 4),
(6, '05', 'A5', '02', 5),
(6, '05', 'B5', '02', 5),
(6, '05', 'C5', '02', 5),
(6, '06', 'A6', '02', 2),
(6, '06', 'B6', '02', 4),
(6, '06', 'C6', '02', 3),
(6, '06', 'D6', '02', 5),
(7, '01', 'A', '03', 3),
(7, '01', 'B', '03', 3),
(7, '05', 'A5', '03', 2),
(7, '05', 'B5', '03', 3),
(7, '05', 'C5', '03', 2),
(7, '06', 'A6', '03', 4),
(7, '06', 'B6', '03', 4),
(7, '06', 'C6', '03', 3),
(7, '06', 'D6', '03', 3),
(7, '07', 'A7', '03', 5),
(7, '07', 'B7', '03', 3),
(7, '07', 'C7', '03', 4),
(8, '01', 'A', '03', 4),
(8, '01', 'B', '03', 3),
(8, '05', 'A5', '03', 3),
(8, '05', 'B5', '03', 4),
(8, '05', 'C5', '03', 3),
(8, '06', 'A6', '03', 3),
(8, '06', 'B6', '03', 4),
(8, '06', 'C6', '03', 3),
(8, '06', 'D6', '03', 3),
(8, '07', 'A7', '03', 2),
(8, '07', 'B7', '03', 1),
(8, '07', 'C7', '03', 3),
(9, '01', 'A', '03', 5),
(9, '01', 'B', '03', 5),
(9, '05', 'A5', '03', 5),
(9, '05', 'B5', '03', 4),
(9, '05', 'C5', '03', 5),
(9, '06', 'A6', '03', 5),
(9, '06', 'B6', '03', 5),
(9, '06', 'C6', '03', 3),
(9, '06', 'D6', '03', 3),
(9, '07', 'A7', '03', 5),
(9, '07', 'B7', '03', 4),
(9, '07', 'C7', '03', 4),
(10, '04', 'A4', '04', 4),
(10, '04', 'B4', '04', 3),
(10, '04', 'C4', '04', 3),
(10, '06', 'A6', '04', 3),
(10, '06', 'B6', '04', 3),
(10, '06', 'C6', '04', 4),
(10, '06', 'D6', '04', 3),
(10, '07', 'A7', '04', 3),
(10, '07', 'B7', '04', 3),
(10, '07', 'C7', '04', 4),
(11, '04', 'A4', '04', 5),
(11, '04', 'B4', '04', 4),
(11, '04', 'C4', '04', 4),
(11, '06', 'A6', '04', 3),
(11, '06', 'B6', '04', 4),
(11, '06', 'C6', '04', 3),
(11, '06', 'D6', '04', 4),
(11, '07', 'A7', '04', 3),
(11, '07', 'B7', '04', 4),
(11, '07', 'C7', '04', 4),
(13, '01', 'A', '04', 0),
(13, '01', 'B', '04', 0),
(13, '02', 'A2', '04', 0),
(13, '02', 'B2', '04', 0),
(13, '03', 'A3', '04', 0),
(13, '03', 'B3', '04', 0),
(13, '03', 'C3', '04', 0),
(13, '04', 'A4', '04', 4),
(13, '04', 'B4', '04', 5),
(13, '04', 'C4', '04', 4),
(13, '05', 'A5', '04', 0),
(13, '05', 'B5', '04', 0),
(13, '05', 'C5', '04', 0),
(13, '06', 'A6', '04', 4),
(13, '06', 'B6', '04', 5),
(13, '06', 'C6', '04', 5),
(13, '06', 'D6', '04', 3),
(13, '07', 'A7', '04', 5),
(13, '07', 'B7', '04', 4),
(13, '07', 'C7', '04', 5),
(14, '01', 'A', '01', 4),
(14, '01', 'B', '01', 4),
(14, '02', 'A2', '01', 2),
(14, '02', 'B2', '01', 2),
(14, '03', 'A3', '01', 3),
(14, '03', 'B3', '01', 4),
(14, '03', 'C3', '01', 2),
(14, '04', 'A4', '01', 4),
(14, '04', 'B4', '01', 3),
(14, '04', 'C4', '01', 2),
(14, '05', 'A5', '01', 5),
(14, '05', 'B5', '01', 5),
(14, '05', 'C5', '01', 5),
(14, '06', 'A6', '01', 3),
(14, '06', 'B6', '01', 3),
(14, '06', 'C6', '01', 5),
(14, '06', 'D6', '01', 4),
(14, '07', 'A7', '01', 4),
(14, '07', 'B7', '01', 4),
(14, '07', 'C7', '01', 4),
(15, '01', 'A', '02', 5),
(15, '01', 'B', '02', 5),
(15, '02', 'A2', '02', 3),
(15, '02', 'B2', '02', 3),
(15, '03', 'A3', '02', 3),
(15, '03', 'B3', '02', 4),
(15, '03', 'C3', '02', 2),
(15, '04', 'A4', '02', 4),
(15, '04', 'B4', '02', 5),
(15, '04', 'C4', '02', 3),
(15, '05', 'A5', '02', 5),
(15, '05', 'B5', '02', 5),
(15, '05', 'C5', '02', 5),
(15, '06', 'A6', '02', 3),
(15, '06', 'B6', '02', 3),
(15, '06', 'C6', '02', 3),
(15, '06', 'D6', '02', 3),
(16, '01', 'A', '03', 3),
(16, '01', 'B', '03', 3),
(16, '05', 'A5', '03', 4),
(16, '05', 'B5', '03', 4),
(16, '05', 'C5', '03', 4),
(16, '06', 'A6', '03', 2),
(16, '06', 'B6', '03', 2),
(16, '06', 'C6', '03', 2),
(16, '06', 'D6', '03', 2),
(16, '07', 'A7', '03', 4),
(16, '07', 'B7', '03', 4),
(16, '07', 'C7', '03', 4),
(17, '04', 'A4', '04', 5),
(17, '04', 'B4', '04', 4),
(17, '04', 'C4', '04', 3),
(17, '06', 'A6', '04', 2),
(17, '06', 'B6', '04', 2),
(17, '06', 'C6', '04', 2),
(17, '06', 'D6', '04', 2),
(17, '07', 'A7', '04', 3),
(17, '07', 'B7', '04', 3),
(17, '07', 'C7', '04', 3),
(18, '01', 'A', '03', 5),
(18, '01', 'B', '03', 3),
(18, '05', 'A5', '03', 4),
(18, '05', 'B5', '03', 4),
(18, '05', 'C5', '03', 5),
(18, '06', 'A6', '03', 4),
(18, '06', 'B6', '03', 5),
(18, '06', 'C6', '03', 4),
(18, '06', 'D6', '03', 4),
(18, '07', 'A7', '03', 5),
(18, '07', 'B7', '03', 4),
(18, '07', 'C7', '03', 5),
(19, '01', 'A', '01', 5),
(19, '01', 'B', '01', 3),
(19, '02', 'A2', '01', 5),
(19, '02', 'B2', '01', 3),
(19, '03', 'A3', '01', 4),
(19, '03', 'B3', '01', 4),
(19, '03', 'C3', '01', 4),
(19, '04', 'A4', '01', 5),
(19, '04', 'B4', '01', 4),
(19, '04', 'C4', '01', 5),
(19, '05', 'A5', '01', 4),
(19, '05', 'B5', '01', 4),
(19, '05', 'C5', '01', 4),
(19, '06', 'A6', '01', 4),
(19, '06', 'B6', '01', 3),
(19, '06', 'C6', '01', 4),
(19, '06', 'D6', '01', 5),
(19, '07', 'A7', '01', 4),
(19, '07', 'B7', '01', 3),
(19, '07', 'C7', '01', 5),
(20, '04', 'A4', '04', 3),
(20, '04', 'B4', '04', 4),
(20, '04', 'C4', '04', 3),
(20, '06', 'A6', '04', 5),
(20, '06', 'B6', '04', 4),
(20, '06', 'C6', '04', 3),
(20, '06', 'D6', '04', 5),
(20, '07', 'A7', '04', 4),
(20, '07', 'B7', '04', 3),
(20, '07', 'C7', '04', 5),
(21, '01', 'A', '02', 3),
(21, '01', 'B', '02', 5),
(21, '02', 'A2', '02', 4),
(21, '02', 'B2', '02', 4),
(21, '03', 'A3', '02', 4),
(21, '03', 'B3', '02', 5),
(21, '03', 'C3', '02', 3),
(21, '04', 'A4', '02', 4),
(21, '04', 'B4', '02', 4),
(21, '04', 'C4', '02', 5),
(21, '05', 'A5', '02', 4),
(21, '05', 'B5', '02', 3),
(21, '05', 'C5', '02', 5),
(21, '06', 'A6', '02', 5),
(21, '06', 'B6', '02', 4),
(21, '06', 'C6', '02', 4),
(21, '06', 'D6', '02', 5),
(22, '01', 'A', '03', 5),
(22, '01', 'B', '03', 4),
(22, '05', 'A5', '03', 4),
(22, '05', 'B5', '03', 4),
(22, '05', 'C5', '03', 2),
(22, '06', 'A6', '03', 5),
(22, '06', 'B6', '03', 3),
(22, '06', 'C6', '03', 4),
(22, '06', 'D6', '03', 4),
(22, '07', 'A7', '03', 3),
(22, '07', 'B7', '03', 5),
(22, '07', 'C7', '03', 3),
(23, '01', 'A', '01', 5),
(23, '01', 'B', '01', 4),
(23, '02', 'A2', '01', 3),
(23, '02', 'B2', '01', 3),
(23, '03', 'A3', '01', 3),
(23, '03', 'B3', '01', 5),
(23, '03', 'C3', '01', 4),
(23, '04', 'A4', '01', 4),
(23, '04', 'B4', '01', 4),
(23, '04', 'C4', '01', 2),
(23, '05', 'A5', '01', 4),
(23, '05', 'B5', '01', 5),
(23, '05', 'C5', '01', 3),
(23, '06', 'A6', '01', 4),
(23, '06', 'B6', '01', 5),
(23, '06', 'C6', '01', 5),
(23, '06', 'D6', '01', 4),
(23, '07', 'A7', '01', 4),
(23, '07', 'B7', '01', 4),
(23, '07', 'C7', '01', 4),
(25, '01', 'A', '03', 4),
(25, '01', 'B', '03', 3),
(25, '05', 'A5', '03', 5),
(25, '05', 'B5', '03', 3),
(25, '05', 'C5', '03', 5),
(25, '06', 'A6', '03', 4),
(25, '06', 'B6', '03', 5),
(25, '06', 'C6', '03', 4),
(25, '06', 'D6', '03', 4),
(25, '07', 'A7', '03', 5),
(25, '07', 'B7', '03', 5),
(25, '07', 'C7', '03', 2),
(26, '01', 'A', '03', 5),
(26, '01', 'B', '03', 3),
(26, '02', 'A2', '03', 0),
(26, '02', 'B2', '03', 0),
(26, '03', 'A3', '03', 0),
(26, '03', 'B3', '03', 0),
(26, '03', 'C3', '03', 0),
(26, '04', 'A4', '03', 0),
(26, '04', 'B4', '03', 0),
(26, '04', 'C4', '03', 0),
(26, '05', 'A5', '03', 5),
(26, '05', 'B5', '03', 4),
(26, '05', 'C5', '03', 4),
(26, '06', 'A6', '03', 5),
(26, '06', 'B6', '03', 5),
(26, '06', 'C6', '03', 4),
(26, '06', 'D6', '03', 5),
(26, '07', 'A7', '03', 4),
(26, '07', 'B7', '03', 5),
(26, '07', 'C7', '03', 4),
(27, '01', 'A', '02', 3),
(27, '01', 'B', '02', 4),
(27, '02', 'A2', '02', 5),
(27, '02', 'B2', '02', 3),
(27, '03', 'A3', '02', 5),
(27, '03', 'B3', '02', 4),
(27, '03', 'C3', '02', 4),
(27, '04', 'A4', '02', 3),
(27, '04', 'B4', '02', 5),
(27, '04', 'C4', '02', 4),
(27, '05', 'A5', '02', 4),
(27, '05', 'B5', '02', 4),
(27, '05', 'C5', '02', 4),
(27, '06', 'A6', '02', 4),
(27, '06', 'B6', '02', 4),
(27, '06', 'C6', '02', 3),
(27, '06', 'D6', '02', 5),
(28, '04', 'A4', '04', 5),
(28, '04', 'B4', '04', 4),
(28, '04', 'C4', '04', 2),
(28, '06', 'A6', '04', 3),
(28, '06', 'B6', '04', 5),
(28, '06', 'C6', '04', 1),
(28, '06', 'D6', '04', 4),
(28, '07', 'A7', '04', 4),
(28, '07', 'B7', '04', 5),
(28, '07', 'C7', '04', 2),
(29, '01', 'A', '01', 5),
(29, '01', 'B', '01', 5),
(29, '02', 'A2', '01', 4),
(29, '02', 'B2', '01', 3),
(29, '03', 'A3', '01', 4),
(29, '03', 'B3', '01', 4),
(29, '03', 'C3', '01', 4),
(29, '04', 'A4', '01', 5),
(29, '04', 'B4', '01', 4),
(29, '04', 'C4', '01', 3),
(29, '05', 'A5', '01', 4),
(29, '05', 'B5', '01', 3),
(29, '05', 'C5', '01', 4),
(29, '06', 'A6', '01', 3),
(29, '06', 'B6', '01', 4),
(29, '06', 'C6', '01', 2),
(29, '06', 'D6', '01', 4),
(29, '07', 'A7', '01', 4),
(29, '07', 'B7', '01', 5),
(29, '07', 'C7', '01', 3),
(30, '01', 'A', '01', 4),
(30, '01', 'B', '01', 4),
(30, '02', 'A2', '01', 4),
(30, '02', 'B2', '01', 3),
(30, '03', 'A3', '01', 5),
(30, '03', 'B3', '01', 5),
(30, '03', 'C3', '01', 5),
(30, '04', 'A4', '01', 3),
(30, '04', 'B4', '01', 4),
(30, '04', 'C4', '01', 5),
(30, '05', 'A5', '01', 4),
(30, '05', 'B5', '01', 5),
(30, '05', 'C5', '01', 5),
(30, '06', 'A6', '01', 5),
(30, '06', 'B6', '01', 5),
(30, '06', 'C6', '01', 5),
(30, '06', 'D6', '01', 4),
(30, '07', 'A7', '01', 5),
(30, '07', 'B7', '01', 5),
(30, '07', 'C7', '01', 3),
(31, '01', 'A', '01', 5),
(31, '01', 'B', '01', 5),
(31, '02', 'A2', '01', 5),
(31, '02', 'B2', '01', 5),
(31, '03', 'A3', '01', 4),
(31, '03', 'B3', '01', 4),
(31, '03', 'C3', '01', 4),
(31, '04', 'A4', '01', 4),
(31, '04', 'B4', '01', 4),
(31, '04', 'C4', '01', 4),
(31, '05', 'A5', '01', 5),
(31, '05', 'B5', '01', 5),
(31, '05', 'C5', '01', 3),
(31, '06', 'A6', '01', 5),
(31, '06', 'B6', '01', 3),
(31, '06', 'C6', '01', 4),
(31, '06', 'D6', '01', 4),
(31, '07', 'A7', '01', 5),
(31, '07', 'B7', '01', 3),
(31, '07', 'C7', '01', 2),
(32, '01', 'A', '01', 4),
(32, '01', 'B', '01', 4),
(32, '02', 'A2', '01', 4),
(32, '02', 'B2', '01', 2),
(32, '03', 'A3', '01', 4),
(32, '03', 'B3', '01', 4),
(32, '03', 'C3', '01', 4),
(32, '04', 'A4', '01', 4),
(32, '04', 'B4', '01', 4),
(32, '04', 'C4', '01', 4),
(32, '05', 'A5', '01', 3),
(32, '05', 'B5', '01', 5),
(32, '05', 'C5', '01', 4),
(32, '06', 'A6', '01', 4),
(32, '06', 'B6', '01', 4),
(32, '06', 'C6', '01', 4),
(32, '06', 'D6', '01', 4),
(32, '07', 'A7', '01', 2),
(32, '07', 'B7', '01', 4),
(32, '07', 'C7', '01', 2),
(33, '01', 'A', '01', 4),
(33, '01', 'B', '01', 5),
(33, '02', 'A2', '01', 3),
(33, '02', 'B2', '01', 1),
(33, '03', 'A3', '01', 4),
(33, '03', 'B3', '01', 2),
(33, '03', 'C3', '01', 5),
(33, '04', 'A4', '01', 4),
(33, '04', 'B4', '01', 5),
(33, '04', 'C4', '01', 5),
(33, '05', 'A5', '01', 4),
(33, '05', 'B5', '01', 3),
(33, '05', 'C5', '01', 2),
(33, '06', 'A6', '01', 5),
(33, '06', 'B6', '01', 5),
(33, '06', 'C6', '01', 3),
(33, '06', 'D6', '01', 5),
(33, '07', 'A7', '01', 5),
(33, '07', 'B7', '01', 4),
(33, '07', 'C7', '01', 2),
(34, '01', 'A', '01', 4),
(34, '01', 'B', '01', 3),
(34, '02', 'A2', '01', 5),
(34, '02', 'B2', '01', 5),
(34, '03', 'A3', '01', 5),
(34, '03', 'B3', '01', 5),
(34, '03', 'C3', '01', 4),
(34, '04', 'A4', '01', 3),
(34, '04', 'B4', '01', 5),
(34, '04', 'C4', '01', 2),
(34, '05', 'A5', '01', 5),
(34, '05', 'B5', '01', 5),
(34, '05', 'C5', '01', 3),
(34, '06', 'A6', '01', 4),
(34, '06', 'B6', '01', 5),
(34, '06', 'C6', '01', 4),
(34, '06', 'D6', '01', 3),
(34, '07', 'A7', '01', 4),
(34, '07', 'B7', '01', 5),
(34, '07', 'C7', '01', 1),
(35, '01', 'A', '01', 5),
(35, '01', 'B', '01', 4),
(35, '02', 'A2', '01', 3),
(35, '02', 'B2', '01', 5),
(35, '03', 'A3', '01', 3),
(35, '03', 'B3', '01', 4),
(35, '03', 'C3', '01', 4),
(35, '04', 'A4', '01', 3),
(35, '04', 'B4', '01', 4),
(35, '04', 'C4', '01', 4),
(35, '05', 'A5', '01', 1),
(35, '05', 'B5', '01', 4),
(35, '05', 'C5', '01', 2),
(35, '06', 'A6', '01', 3),
(35, '06', 'B6', '01', 3),
(35, '06', 'C6', '01', 1),
(35, '06', 'D6', '01', 4),
(35, '07', 'A7', '01', 3),
(35, '07', 'B7', '01', 5),
(35, '07', 'C7', '01', 3),
(36, '01', 'A', '01', 4),
(36, '01', 'B', '01', 5),
(36, '02', 'A2', '01', 5),
(36, '02', 'B2', '01', 4),
(36, '03', 'A3', '01', 2),
(36, '03', 'B3', '01', 4),
(36, '03', 'C3', '01', 5),
(36, '04', 'A4', '01', 5),
(36, '04', 'B4', '01', 3),
(36, '04', 'C4', '01', 3),
(36, '05', 'A5', '01', 5),
(36, '05', 'B5', '01', 5),
(36, '05', 'C5', '01', 3),
(36, '06', 'A6', '01', 3),
(36, '06', 'B6', '01', 3),
(36, '06', 'C6', '01', 5),
(36, '06', 'D6', '01', 5),
(36, '07', 'A7', '01', 2),
(36, '07', 'B7', '01', 5),
(36, '07', 'C7', '01', 1),
(37, '01', 'A', '01', 4),
(37, '01', 'B', '01', 3),
(37, '02', 'A2', '01', 4),
(37, '02', 'B2', '01', 4),
(37, '03', 'A3', '01', 3),
(37, '03', 'B3', '01', 1),
(37, '03', 'C3', '01', 5),
(37, '04', 'A4', '01', 4),
(37, '04', 'B4', '01', 3),
(37, '04', 'C4', '01', 4),
(37, '05', 'A5', '01', 5),
(37, '05', 'B5', '01', 4),
(37, '05', 'C5', '01', 4),
(37, '06', 'A6', '01', 1),
(37, '06', 'B6', '01', 4),
(37, '06', 'C6', '01', 3),
(37, '06', 'D6', '01', 5),
(37, '07', 'A7', '01', 4),
(37, '07', 'B7', '01', 4),
(37, '07', 'C7', '01', 2),
(38, '01', 'A', '01', 5),
(38, '01', 'B', '01', 4),
(38, '02', 'A2', '01', 4),
(38, '02', 'B2', '01', 3),
(38, '03', 'A3', '01', 3),
(38, '03', 'B3', '01', 4),
(38, '03', 'C3', '01', 4),
(38, '04', 'A4', '01', 3),
(38, '04', 'B4', '01', 4),
(38, '04', 'C4', '01', 4),
(38, '05', 'A5', '01', 4),
(38, '05', 'B5', '01', 4),
(38, '05', 'C5', '01', 4),
(38, '06', 'A6', '01', 4),
(38, '06', 'B6', '01', 2),
(38, '06', 'C6', '01', 4),
(38, '06', 'D6', '01', 3),
(38, '07', 'A7', '01', 4),
(38, '07', 'B7', '01', 5),
(38, '07', 'C7', '01', 2),
(39, '01', 'A', '01', 4),
(39, '01', 'B', '01', 4),
(39, '02', 'A2', '01', 3),
(39, '02', 'B2', '01', 5),
(39, '03', 'A3', '01', 3),
(39, '03', 'B3', '01', 3),
(39, '03', 'C3', '01', 5),
(39, '04', 'A4', '01', 5),
(39, '04', 'B4', '01', 4),
(39, '04', 'C4', '01', 2),
(39, '05', 'A5', '01', 3),
(39, '05', 'B5', '01', 4),
(39, '05', 'C5', '01', 5),
(39, '06', 'A6', '01', 2),
(39, '06', 'B6', '01', 4),
(39, '06', 'C6', '01', 3),
(39, '06', 'D6', '01', 4),
(39, '07', 'A7', '01', 5),
(39, '07', 'B7', '01', 5),
(39, '07', 'C7', '01', 1),
(40, '01', 'A', '01', 5),
(40, '01', 'B', '01', 4),
(40, '02', 'A2', '01', 4),
(40, '02', 'B2', '01', 3),
(40, '03', 'A3', '01', 4),
(40, '03', 'B3', '01', 5),
(40, '03', 'C3', '01', 5),
(40, '04', 'A4', '01', 3),
(40, '04', 'B4', '01', 5),
(40, '04', 'C4', '01', 5),
(40, '05', 'A5', '01', 4),
(40, '05', 'B5', '01', 3),
(40, '05', 'C5', '01', 2),
(40, '06', 'A6', '01', 2),
(40, '06', 'B6', '01', 3),
(40, '06', 'C6', '01', 2),
(40, '06', 'D6', '01', 5),
(40, '07', 'A7', '01', 4),
(40, '07', 'B7', '01', 5),
(40, '07', 'C7', '01', 2),
(41, '01', 'A', '01', 3),
(41, '01', 'B', '01', 5),
(41, '02', 'A2', '01', 2),
(41, '02', 'B2', '01', 5),
(41, '03', 'A3', '01', 4),
(41, '03', 'B3', '01', 4),
(41, '03', 'C3', '01', 3),
(41, '04', 'A4', '01', 4),
(41, '04', 'B4', '01', 5),
(41, '04', 'C4', '01', 5),
(41, '05', 'A5', '01', 2),
(41, '05', 'B5', '01', 4),
(41, '05', 'C5', '01', 4),
(41, '06', 'A6', '01', 4),
(41, '06', 'B6', '01', 5),
(41, '06', 'C6', '01', 5),
(41, '06', 'D6', '01', 1),
(41, '07', 'A7', '01', 4),
(41, '07', 'B7', '01', 4),
(41, '07', 'C7', '01', 2),
(42, '01', 'A', '01', 2),
(42, '01', 'B', '01', 4),
(42, '02', 'A2', '01', 5),
(42, '02', 'B2', '01', 5),
(42, '03', 'A3', '01', 2),
(42, '03', 'B3', '01', 5),
(42, '03', 'C3', '01', 4),
(42, '04', 'A4', '01', 5),
(42, '04', 'B4', '01', 5),
(42, '04', 'C4', '01', 4),
(42, '05', 'A5', '01', 2),
(42, '05', 'B5', '01', 4),
(42, '05', 'C5', '01', 3),
(42, '06', 'A6', '01', 3),
(42, '06', 'B6', '01', 5),
(42, '06', 'C6', '01', 5),
(42, '06', 'D6', '01', 4),
(42, '07', 'A7', '01', 3),
(42, '07', 'B7', '01', 3),
(42, '07', 'C7', '01', 1),
(43, '01', 'A', '01', 5),
(43, '01', 'B', '01', 4),
(43, '02', 'A2', '01', 4),
(43, '02', 'B2', '01', 4),
(43, '03', 'A3', '01', 3),
(43, '03', 'B3', '01', 2),
(43, '03', 'C3', '01', 4),
(43, '04', 'A4', '01', 3),
(43, '04', 'B4', '01', 1),
(43, '04', 'C4', '01', 2),
(43, '05', 'A5', '01', 2),
(43, '05', 'B5', '01', 3),
(43, '05', 'C5', '01', 3),
(43, '06', 'A6', '01', 4),
(43, '06', 'B6', '01', 3),
(43, '06', 'C6', '01', 4),
(43, '06', 'D6', '01', 2),
(43, '07', 'A7', '01', 1),
(43, '07', 'B7', '01', 4),
(43, '07', 'C7', '01', 3),
(44, '01', 'A', '01', 4),
(44, '01', 'B', '01', 4),
(44, '02', 'A2', '01', 2),
(44, '02', 'B2', '01', 3),
(44, '03', 'A3', '01', 1),
(44, '03', 'B3', '01', 5),
(44, '03', 'C3', '01', 3),
(44, '04', 'A4', '01', 3),
(44, '04', 'B4', '01', 3),
(44, '04', 'C4', '01', 3),
(44, '05', 'A5', '01', 3),
(44, '05', 'B5', '01', 5),
(44, '05', 'C5', '01', 4),
(44, '06', 'A6', '01', 3),
(44, '06', 'B6', '01', 4),
(44, '06', 'C6', '01', 4),
(44, '06', 'D6', '01', 4),
(44, '07', 'A7', '01', 3),
(44, '07', 'B7', '01', 4),
(44, '07', 'C7', '01', 1),
(45, '01', 'A', '01', 4),
(45, '01', 'B', '01', 4),
(45, '02', 'A2', '01', 5),
(45, '02', 'B2', '01', 4),
(45, '03', 'A3', '01', 2),
(45, '03', 'B3', '01', 4),
(45, '03', 'C3', '01', 4),
(45, '04', 'A4', '01', 5),
(45, '04', 'B4', '01', 5),
(45, '04', 'C4', '01', 2),
(45, '05', 'A5', '01', 5),
(45, '05', 'B5', '01', 5),
(45, '05', 'C5', '01', 3),
(45, '06', 'A6', '01', 5),
(45, '06', 'B6', '01', 5),
(45, '06', 'C6', '01', 4),
(45, '06', 'D6', '01', 4),
(45, '07', 'A7', '01', 4),
(45, '07', 'B7', '01', 3),
(45, '07', 'C7', '01', 3),
(46, '01', 'A', '01', 3),
(46, '01', 'B', '01', 3),
(46, '02', 'A2', '01', 5),
(46, '02', 'B2', '01', 5),
(46, '03', 'A3', '01', 4),
(46, '03', 'B3', '01', 4),
(46, '03', 'C3', '01', 5),
(46, '04', 'A4', '01', 4),
(46, '04', 'B4', '01', 3),
(46, '04', 'C4', '01', 5),
(46, '05', 'A5', '01', 4),
(46, '05', 'B5', '01', 5),
(46, '05', 'C5', '01', 4),
(46, '06', 'A6', '01', 3),
(46, '06', 'B6', '01', 5),
(46, '06', 'C6', '01', 4),
(46, '06', 'D6', '01', 2),
(46, '07', 'A7', '01', 4),
(46, '07', 'B7', '01', 4),
(46, '07', 'C7', '01', 2),
(47, '01', 'A', '01', 4),
(47, '01', 'B', '01', 4),
(47, '02', 'A2', '01', 3),
(47, '02', 'B2', '01', 5),
(47, '03', 'A3', '01', 5),
(47, '03', 'B3', '01', 2),
(47, '03', 'C3', '01', 3),
(47, '04', 'A4', '01', 2),
(47, '04', 'B4', '01', 4),
(47, '04', 'C4', '01', 5),
(47, '05', 'A5', '01', 4),
(47, '05', 'B5', '01', 4),
(47, '05', 'C5', '01', 4),
(47, '06', 'A6', '01', 3),
(47, '06', 'B6', '01', 2),
(47, '06', 'C6', '01', 5),
(47, '06', 'D6', '01', 5),
(47, '07', 'A7', '01', 5),
(47, '07', 'B7', '01', 4),
(47, '07', 'C7', '01', 1),
(48, '01', 'A', '01', 3),
(48, '01', 'B', '01', 4),
(48, '02', 'A2', '01', 5),
(48, '02', 'B2', '01', 4),
(48, '03', 'A3', '01', 3),
(48, '03', 'B3', '01', 4),
(48, '03', 'C3', '01', 4),
(48, '04', 'A4', '01', 3),
(48, '04', 'B4', '01', 5),
(48, '04', 'C4', '01', 3),
(48, '05', 'A5', '01', 5),
(48, '05', 'B5', '01', 5),
(48, '05', 'C5', '01', 4),
(48, '06', 'A6', '01', 1),
(48, '06', 'B6', '01', 4),
(48, '06', 'C6', '01', 4),
(48, '06', 'D6', '01', 2),
(48, '07', 'A7', '01', 3),
(48, '07', 'B7', '01', 5),
(48, '07', 'C7', '01', 4),
(49, '01', 'A', '01', 5),
(49, '01', 'B', '01', 5),
(49, '02', 'A2', '01', 3),
(49, '02', 'B2', '01', 4),
(49, '03', 'A3', '01', 3),
(49, '03', 'B3', '01', 4),
(49, '03', 'C3', '01', 4),
(49, '04', 'A4', '01', 5),
(49, '04', 'B4', '01', 4),
(49, '04', 'C4', '01', 2),
(49, '05', 'A5', '01', 5),
(49, '05', 'B5', '01', 4),
(49, '05', 'C5', '01', 3),
(49, '06', 'A6', '01', 2),
(49, '06', 'B6', '01', 3),
(49, '06', 'C6', '01', 4),
(49, '06', 'D6', '01', 5),
(49, '07', 'A7', '01', 3),
(49, '07', 'B7', '01', 3),
(49, '07', 'C7', '01', 1),
(50, '01', 'A', '01', 5),
(50, '01', 'B', '01', 4),
(50, '02', 'A2', '01', 2),
(50, '02', 'B2', '01', 3),
(50, '03', 'A3', '01', 4),
(50, '03', 'B3', '01', 5),
(50, '03', 'C3', '01', 5),
(50, '04', 'A4', '01', 5),
(50, '04', 'B4', '01', 3),
(50, '04', 'C4', '01', 2),
(50, '05', 'A5', '01', 5),
(50, '05', 'B5', '01', 4),
(50, '05', 'C5', '01', 3),
(50, '06', 'A6', '01', 4),
(50, '06', 'B6', '01', 5),
(50, '06', 'C6', '01', 4),
(50, '06', 'D6', '01', 3),
(50, '07', 'A7', '01', 2),
(50, '07', 'B7', '01', 5),
(50, '07', 'C7', '01', 1),
(51, '01', 'A', '01', 4),
(51, '01', 'B', '01', 4),
(51, '02', 'A2', '01', 3),
(51, '02', 'B2', '01', 4),
(51, '03', 'A3', '01', 1),
(51, '03', 'B3', '01', 4),
(51, '03', 'C3', '01', 3),
(51, '04', 'A4', '01', 3),
(51, '04', 'B4', '01', 4),
(51, '04', 'C4', '01', 4),
(51, '05', 'A5', '01', 5),
(51, '05', 'B5', '01', 3),
(51, '05', 'C5', '01', 5),
(51, '06', 'A6', '01', 3),
(51, '06', 'B6', '01', 3),
(51, '06', 'C6', '01', 4),
(51, '06', 'D6', '01', 2),
(51, '07', 'A7', '01', 5),
(51, '07', 'B7', '01', 5),
(51, '07', 'C7', '01', 2),
(52, '01', 'A', '01', 3),
(52, '01', 'B', '01', 5),
(52, '02', 'A2', '01', 5),
(52, '02', 'B2', '01', 3),
(52, '03', 'A3', '01', 2),
(52, '03', 'B3', '01', 4),
(52, '03', 'C3', '01', 3),
(52, '04', 'A4', '01', 2),
(52, '04', 'B4', '01', 5),
(52, '04', 'C4', '01', 4),
(52, '05', 'A5', '01', 4),
(52, '05', 'B5', '01', 5),
(52, '05', 'C5', '01', 3),
(52, '06', 'A6', '01', 5),
(52, '06', 'B6', '01', 5),
(52, '06', 'C6', '01', 2),
(52, '06', 'D6', '01', 3),
(52, '07', 'A7', '01', 5),
(52, '07', 'B7', '01', 5),
(52, '07', 'C7', '01', 4),
(53, '01', 'A', '01', 5),
(53, '01', 'B', '01', 4),
(53, '02', 'A2', '01', 5),
(53, '02', 'B2', '01', 3),
(53, '03', 'A3', '01', 2),
(53, '03', 'B3', '01', 4),
(53, '03', 'C3', '01', 4),
(53, '04', 'A4', '01', 5),
(53, '04', 'B4', '01', 5),
(53, '04', 'C4', '01', 3),
(53, '05', 'A5', '01', 4),
(53, '05', 'B5', '01', 5),
(53, '05', 'C5', '01', 3),
(53, '06', 'A6', '01', 4),
(53, '06', 'B6', '01', 5),
(53, '06', 'C6', '01', 5),
(53, '06', 'D6', '01', 4),
(53, '07', 'A7', '01', 4),
(53, '07', 'B7', '01', 3),
(53, '07', 'C7', '01', 4),
(54, '01', 'A', '01', 3),
(54, '01', 'B', '01', 3),
(54, '02', 'A2', '01', 5),
(54, '02', 'B2', '01', 3),
(54, '03', 'A3', '01', 3),
(54, '03', 'B3', '01', 4),
(54, '03', 'C3', '01', 5),
(54, '04', 'A4', '01', 3),
(54, '04', 'B4', '01', 4),
(54, '04', 'C4', '01', 4),
(54, '05', 'A5', '01', 4),
(54, '05', 'B5', '01', 5),
(54, '05', 'C5', '01', 5),
(54, '06', 'A6', '01', 5),
(54, '06', 'B6', '01', 3),
(54, '06', 'C6', '01', 5),
(54, '06', 'D6', '01', 4),
(54, '07', 'A7', '01', 5),
(54, '07', 'B7', '01', 4),
(54, '07', 'C7', '01', 2),
(55, '01', 'A', '01', 3),
(55, '01', 'B', '01', 2),
(55, '02', 'A2', '01', 5),
(55, '02', 'B2', '01', 3),
(55, '03', 'A3', '01', 4),
(55, '03', 'B3', '01', 3),
(55, '03', 'C3', '01', 4),
(55, '04', 'A4', '01', 3),
(55, '04', 'B4', '01', 3),
(55, '04', 'C4', '01', 4),
(55, '05', 'A5', '01', 4),
(55, '05', 'B5', '01', 5),
(55, '05', 'C5', '01', 4),
(55, '06', 'A6', '01', 4),
(55, '06', 'B6', '01', 5),
(55, '06', 'C6', '01', 5),
(55, '06', 'D6', '01', 3),
(55, '07', 'A7', '01', 5),
(55, '07', 'B7', '01', 5),
(55, '07', 'C7', '01', 3),
(56, '01', 'A', '01', 4),
(56, '01', 'B', '01', 5),
(56, '02', 'A2', '01', 5),
(56, '02', 'B2', '01', 3),
(56, '03', 'A3', '01', 5),
(56, '03', 'B3', '01', 4),
(56, '03', 'C3', '01', 3),
(56, '04', 'A4', '01', 4),
(56, '04', 'B4', '01', 2),
(56, '04', 'C4', '01', 4),
(56, '05', 'A5', '01', 3),
(56, '05', 'B5', '01', 3),
(56, '05', 'C5', '01', 4),
(56, '06', 'A6', '01', 3),
(56, '06', 'B6', '01', 2),
(56, '06', 'C6', '01', 4),
(56, '06', 'D6', '01', 4),
(56, '07', 'A7', '01', 5),
(56, '07', 'B7', '01', 4),
(56, '07', 'C7', '01', 2),
(57, '01', 'A', '01', 5),
(57, '01', 'B', '01', 3),
(57, '02', 'A2', '01', 5),
(57, '02', 'B2', '01', 5),
(57, '03', 'A3', '01', 5),
(57, '03', 'B3', '01', 4),
(57, '03', 'C3', '01', 5),
(57, '04', 'A4', '01', 3),
(57, '04', 'B4', '01', 4),
(57, '04', 'C4', '01', 4),
(57, '05', 'A5', '01', 4),
(57, '05', 'B5', '01', 3),
(57, '05', 'C5', '01', 4),
(57, '06', 'A6', '01', 5),
(57, '06', 'B6', '01', 4),
(57, '06', 'C6', '01', 5),
(57, '06', 'D6', '01', 4),
(57, '07', 'A7', '01', 4),
(57, '07', 'B7', '01', 4),
(57, '07', 'C7', '01', 2),
(58, '01', 'A', '01', 4),
(58, '01', 'B', '01', 4),
(58, '02', 'A2', '01', 4),
(58, '02', 'B2', '01', 3),
(58, '03', 'A3', '01', 4),
(58, '03', 'B3', '01', 4),
(58, '03', 'C3', '01', 4),
(58, '04', 'A4', '01', 5),
(58, '04', 'B4', '01', 4),
(58, '04', 'C4', '01', 5),
(58, '05', 'A5', '01', 3),
(58, '05', 'B5', '01', 4),
(58, '05', 'C5', '01', 4),
(58, '06', 'A6', '01', 4),
(58, '06', 'B6', '01', 5),
(58, '06', 'C6', '01', 4),
(58, '06', 'D6', '01', 4),
(58, '07', 'A7', '01', 5),
(58, '07', 'B7', '01', 5),
(58, '07', 'C7', '01', 2),
(59, '01', 'A', '01', 4),
(59, '01', 'B', '01', 5),
(59, '02', 'A2', '01', 4),
(59, '02', 'B2', '01', 2),
(59, '03', 'A3', '01', 5),
(59, '03', 'B3', '01', 5),
(59, '03', 'C3', '01', 4),
(59, '04', 'A4', '01', 3),
(59, '04', 'B4', '01', 3),
(59, '04', 'C4', '01', 5),
(59, '05', 'A5', '01', 4),
(59, '05', 'B5', '01', 4),
(59, '05', 'C5', '01', 5),
(59, '06', 'A6', '01', 3),
(59, '06', 'B6', '01', 4),
(59, '06', 'C6', '01', 5),
(59, '06', 'D6', '01', 5),
(59, '07', 'A7', '01', 4),
(59, '07', 'B7', '01', 5),
(59, '07', 'C7', '01', 3),
(60, '01', 'A', '01', 5),
(60, '01', 'B', '01', 5),
(60, '02', 'A2', '01', 4),
(60, '02', 'B2', '01', 2),
(60, '03', 'A3', '01', 4),
(60, '03', 'B3', '01', 5),
(60, '03', 'C3', '01', 4),
(60, '04', 'A4', '01', 5),
(60, '04', 'B4', '01', 5),
(60, '04', 'C4', '01', 3),
(60, '05', 'A5', '01', 5),
(60, '05', 'B5', '01', 2),
(60, '05', 'C5', '01', 5),
(60, '06', 'A6', '01', 3),
(60, '06', 'B6', '01', 4),
(60, '06', 'C6', '01', 4),
(60, '06', 'D6', '01', 4),
(60, '07', 'A7', '01', 3),
(60, '07', 'B7', '01', 5),
(60, '07', 'C7', '01', 3),
(61, '01', 'A', '01', 5),
(61, '01', 'B', '01', 4),
(61, '02', 'A2', '01', 3),
(61, '02', 'B2', '01', 1),
(61, '03', 'A3', '01', 2),
(61, '03', 'B3', '01', 4),
(61, '03', 'C3', '01', 4),
(61, '04', 'A4', '01', 4),
(61, '04', 'B4', '01', 3),
(61, '04', 'C4', '01', 4),
(61, '05', 'A5', '01', 4),
(61, '05', 'B5', '01', 4),
(61, '05', 'C5', '01', 4),
(61, '06', 'A6', '01', 3),
(61, '06', 'B6', '01', 3),
(61, '06', 'C6', '01', 2),
(61, '06', 'D6', '01', 5),
(61, '07', 'A7', '01', 5),
(61, '07', 'B7', '01', 2),
(61, '07', 'C7', '01', 3),
(62, '01', 'A', '01', 4),
(62, '01', 'B', '01', 4),
(62, '02', 'A2', '01', 3),
(62, '02', 'B2', '01', 5),
(62, '03', 'A3', '01', 3),
(62, '03', 'B3', '01', 2),
(62, '03', 'C3', '01', 4),
(62, '04', 'A4', '01', 5),
(62, '04', 'B4', '01', 4),
(62, '04', 'C4', '01', 4),
(62, '05', 'A5', '01', 4),
(62, '05', 'B5', '01', 5),
(62, '05', 'C5', '01', 3),
(62, '06', 'A6', '01', 5),
(62, '06', 'B6', '01', 3),
(62, '06', 'C6', '01', 4),
(62, '06', 'D6', '01', 3),
(62, '07', 'A7', '01', 5),
(62, '07', 'B7', '01', 5),
(62, '07', 'C7', '01', 1),
(63, '01', 'A', '01', 3),
(63, '01', 'B', '01', 4),
(63, '02', 'A2', '01', 4),
(63, '02', 'B2', '01', 5),
(63, '03', 'A3', '01', 4),
(63, '03', 'B3', '01', 3),
(63, '03', 'C3', '01', 4),
(63, '04', 'A4', '01', 3),
(63, '04', 'B4', '01', 4),
(63, '04', 'C4', '01', 4),
(63, '05', 'A5', '01', 3),
(63, '05', 'B5', '01', 3),
(63, '05', 'C5', '01', 4),
(63, '06', 'A6', '01', 3),
(63, '06', 'B6', '01', 4),
(63, '06', 'C6', '01', 5),
(63, '06', 'D6', '01', 3),
(63, '07', 'A7', '01', 4),
(63, '07', 'B7', '01', 4),
(63, '07', 'C7', '01', 2),
(64, '01', 'A', '01', 5),
(64, '01', 'B', '01', 4),
(64, '02', 'A2', '01', 4),
(64, '02', 'B2', '01', 4),
(64, '03', 'A3', '01', 3),
(64, '03', 'B3', '01', 4),
(64, '03', 'C3', '01', 4),
(64, '04', 'A4', '01', 5),
(64, '04', 'B4', '01', 4),
(64, '04', 'C4', '01', 2),
(64, '05', 'A5', '01', 4),
(64, '05', 'B5', '01', 5),
(64, '05', 'C5', '01', 5),
(64, '06', 'A6', '01', 5),
(64, '06', 'B6', '01', 4),
(64, '06', 'C6', '01', 4),
(64, '06', 'D6', '01', 4),
(64, '07', 'A7', '01', 4),
(64, '07', 'B7', '01', 3),
(64, '07', 'C7', '01', 2),
(65, '01', 'A', '01', 4),
(65, '01', 'B', '01', 5),
(65, '02', 'A2', '01', 4),
(65, '02', 'B2', '01', 2),
(65, '03', 'A3', '01', 5),
(65, '03', 'B3', '01', 4),
(65, '03', 'C3', '01', 3),
(65, '04', 'A4', '01', 5),
(65, '04', 'B4', '01', 2),
(65, '04', 'C4', '01', 3),
(65, '05', 'A5', '01', 3),
(65, '05', 'B5', '01', 2),
(65, '05', 'C5', '01', 3),
(65, '06', 'A6', '01', 2),
(65, '06', 'B6', '01', 4),
(65, '06', 'C6', '01', 5),
(65, '06', 'D6', '01', 4),
(65, '07', 'A7', '01', 5),
(65, '07', 'B7', '01', 2),
(65, '07', 'C7', '01', 3),
(66, '01', 'A', '01', 4),
(66, '01', 'B', '01', 4),
(66, '02', 'A2', '01', 3),
(66, '02', 'B2', '01', 3),
(66, '03', 'A3', '01', 3),
(66, '03', 'B3', '01', 4),
(66, '03', 'C3', '01', 5),
(66, '04', 'A4', '01', 5),
(66, '04', 'B4', '01', 5),
(66, '04', 'C4', '01', 3),
(66, '05', 'A5', '01', 4),
(66, '05', 'B5', '01', 5),
(66, '05', 'C5', '01', 2),
(66, '06', 'A6', '01', 3),
(66, '06', 'B6', '01', 4),
(66, '06', 'C6', '01', 5),
(66, '06', 'D6', '01', 4),
(66, '07', 'A7', '01', 3),
(66, '07', 'B7', '01', 5),
(66, '07', 'C7', '01', 2),
(67, '01', 'A', '01', 5),
(67, '01', 'B', '01', 5),
(67, '02', 'A2', '01', 5),
(67, '02', 'B2', '01', 3),
(67, '03', 'A3', '01', 4),
(67, '03', 'B3', '01', 2),
(67, '03', 'C3', '01', 4),
(67, '04', 'A4', '01', 2),
(67, '04', 'B4', '01', 4),
(67, '04', 'C4', '01', 5),
(67, '05', 'A5', '01', 4),
(67, '05', 'B5', '01', 4),
(67, '05', 'C5', '01', 3),
(67, '06', 'A6', '01', 4),
(67, '06', 'B6', '01', 3),
(67, '06', 'C6', '01', 4),
(67, '06', 'D6', '01', 5),
(67, '07', 'A7', '01', 4),
(67, '07', 'B7', '01', 3),
(67, '07', 'C7', '01', 2),
(68, '01', 'A', '01', 5),
(68, '01', 'B', '01', 3),
(68, '02', 'A2', '01', 5),
(68, '02', 'B2', '01', 3),
(68, '03', 'A3', '01', 4),
(68, '03', 'B3', '01', 4),
(68, '03', 'C3', '01', 4),
(68, '04', 'A4', '01', 5),
(68, '04', 'B4', '01', 3),
(68, '04', 'C4', '01', 3),
(68, '05', 'A5', '01', 3),
(68, '05', 'B5', '01', 5),
(68, '05', 'C5', '01', 4),
(68, '06', 'A6', '01', 4),
(68, '06', 'B6', '01', 3),
(68, '06', 'C6', '01', 5),
(68, '06', 'D6', '01', 5),
(68, '07', 'A7', '01', 4),
(68, '07', 'B7', '01', 5),
(68, '07', 'C7', '01', 3),
(69, '01', 'A', '01', 5),
(69, '01', 'B', '01', 5),
(69, '02', 'A2', '01', 5),
(69, '02', 'B2', '01', 4),
(69, '03', 'A3', '01', 3),
(69, '03', 'B3', '01', 3),
(69, '03', 'C3', '01', 4),
(69, '04', 'A4', '01', 4),
(69, '04', 'B4', '01', 3),
(69, '04', 'C4', '01', 3),
(69, '05', 'A5', '01', 3),
(69, '05', 'B5', '01', 5),
(69, '05', 'C5', '01', 5),
(69, '06', 'A6', '01', 4),
(69, '06', 'B6', '01', 2),
(69, '06', 'C6', '01', 3),
(69, '06', 'D6', '01', 4),
(69, '07', 'A7', '01', 5),
(69, '07', 'B7', '01', 5),
(69, '07', 'C7', '01', 3),
(70, '01', 'A', '01', 5),
(70, '01', 'B', '01', 5),
(70, '02', 'A2', '01', 4),
(70, '02', 'B2', '01', 2),
(70, '03', 'A3', '01', 4),
(70, '03', 'B3', '01', 3),
(70, '03', 'C3', '01', 4),
(70, '04', 'A4', '01', 4),
(70, '04', 'B4', '01', 3),
(70, '04', 'C4', '01', 4),
(70, '05', 'A5', '01', 5),
(70, '05', 'B5', '01', 5),
(70, '05', 'C5', '01', 4),
(70, '06', 'A6', '01', 3),
(70, '06', 'B6', '01', 3),
(70, '06', 'C6', '01', 4),
(70, '06', 'D6', '01', 5),
(70, '07', 'A7', '01', 4),
(70, '07', 'B7', '01', 4),
(70, '07', 'C7', '01', 1),
(71, '01', 'A', '01', 4),
(71, '01', 'B', '01', 5),
(71, '02', 'A2', '01', 4),
(71, '02', 'B2', '01', 5),
(71, '03', 'A3', '01', 5),
(71, '03', 'B3', '01', 5),
(71, '03', 'C3', '01', 4),
(71, '04', 'A4', '01', 3),
(71, '04', 'B4', '01', 4),
(71, '04', 'C4', '01', 3),
(71, '05', 'A5', '01', 4),
(71, '05', 'B5', '01', 2),
(71, '05', 'C5', '01', 3),
(71, '06', 'A6', '01', 5),
(71, '06', 'B6', '01', 5),
(71, '06', 'C6', '01', 3),
(71, '06', 'D6', '01', 4),
(71, '07', 'A7', '01', 4),
(71, '07', 'B7', '01', 4),
(71, '07', 'C7', '01', 3),
(72, '01', 'A', '01', 5),
(72, '01', 'B', '01', 3),
(72, '02', 'A2', '01', 5),
(72, '02', 'B2', '01', 5),
(72, '03', 'A3', '01', 4),
(72, '03', 'B3', '01', 5),
(72, '03', 'C3', '01', 4),
(72, '04', 'A4', '01', 2),
(72, '04', 'B4', '01', 4),
(72, '04', 'C4', '01', 4),
(72, '05', 'A5', '01', 4),
(72, '05', 'B5', '01', 4),
(72, '05', 'C5', '01', 2),
(72, '06', 'A6', '01', 5),
(72, '06', 'B6', '01', 5),
(72, '06', 'C6', '01', 5),
(72, '06', 'D6', '01', 4),
(72, '07', 'A7', '01', 3),
(72, '07', 'B7', '01', 4),
(72, '07', 'C7', '01', 4),
(73, '01', 'A', '01', 5),
(73, '01', 'B', '01', 4),
(73, '02', 'A2', '01', 4),
(73, '02', 'B2', '01', 3),
(73, '03', 'A3', '01', 4),
(73, '03', 'B3', '01', 3),
(73, '03', 'C3', '01', 3),
(73, '04', 'A4', '01', 4),
(73, '04', 'B4', '01', 3),
(73, '04', 'C4', '01', 4),
(73, '05', 'A5', '01', 4),
(73, '05', 'B5', '01', 4),
(73, '05', 'C5', '01', 2),
(73, '06', 'A6', '01', 4),
(73, '06', 'B6', '01', 5),
(73, '06', 'C6', '01', 5),
(73, '06', 'D6', '01', 5),
(73, '07', 'A7', '01', 3),
(73, '07', 'B7', '01', 3),
(73, '07', 'C7', '01', 4),
(74, '01', 'A', '01', 4),
(74, '01', 'B', '01', 4),
(74, '02', 'A2', '01', 3),
(74, '02', 'B2', '01', 2),
(74, '03', 'A3', '01', 5),
(74, '03', 'B3', '01', 5),
(74, '03', 'C3', '01', 4),
(74, '04', 'A4', '01', 4),
(74, '04', 'B4', '01', 5),
(74, '04', 'C4', '01', 5),
(74, '05', 'A5', '01', 4),
(74, '05', 'B5', '01', 3),
(74, '05', 'C5', '01', 4),
(74, '06', 'A6', '01', 5),
(74, '06', 'B6', '01', 4),
(74, '06', 'C6', '01', 4),
(74, '06', 'D6', '01', 4),
(74, '07', 'A7', '01', 3),
(74, '07', 'B7', '01', 5),
(74, '07', 'C7', '01', 5),
(75, '01', 'A', '01', 4),
(75, '01', 'B', '01', 4),
(75, '02', 'A2', '01', 3),
(75, '02', 'B2', '01', 4),
(75, '03', 'A3', '01', 4),
(75, '03', 'B3', '01', 4),
(75, '03', 'C3', '01', 5),
(75, '04', 'A4', '01', 5),
(75, '04', 'B4', '01', 5),
(75, '04', 'C4', '01', 5),
(75, '05', 'A5', '01', 2),
(75, '05', 'B5', '01', 3),
(75, '05', 'C5', '01', 3),
(75, '06', 'A6', '01', 4),
(75, '06', 'B6', '01', 4),
(75, '06', 'C6', '01', 2),
(75, '06', 'D6', '01', 5),
(75, '07', 'A7', '01', 5),
(75, '07', 'B7', '01', 2),
(75, '07', 'C7', '01', 2),
(76, '01', 'A', '01', 3),
(76, '01', 'B', '01', 5),
(76, '02', 'A2', '01', 5),
(76, '02', 'B2', '01', 3),
(76, '03', 'A3', '01', 3),
(76, '03', 'B3', '01', 4),
(76, '03', 'C3', '01', 4),
(76, '04', 'A4', '01', 5),
(76, '04', 'B4', '01', 4),
(76, '04', 'C4', '01', 5),
(76, '05', 'A5', '01', 5),
(76, '05', 'B5', '01', 5),
(76, '05', 'C5', '01', 2),
(76, '06', 'A6', '01', 2),
(76, '06', 'B6', '01', 5),
(76, '06', 'C6', '01', 5),
(76, '06', 'D6', '01', 4),
(76, '07', 'A7', '01', 5),
(76, '07', 'B7', '01', 3),
(76, '07', 'C7', '01', 5),
(77, '01', 'A', '01', 4),
(77, '01', 'B', '01', 4),
(77, '02', 'A2', '01', 5),
(77, '02', 'B2', '01', 2),
(77, '03', 'A3', '01', 4),
(77, '03', 'B3', '01', 5),
(77, '03', 'C3', '01', 5),
(77, '04', 'A4', '01', 5),
(77, '04', 'B4', '01', 5),
(77, '04', 'C4', '01', 5),
(77, '05', 'A5', '01', 4),
(77, '05', 'B5', '01', 4),
(77, '05', 'C5', '01', 3),
(77, '06', 'A6', '01', 5),
(77, '06', 'B6', '01', 4),
(77, '06', 'C6', '01', 3),
(77, '06', 'D6', '01', 3),
(77, '07', 'A7', '01', 4),
(77, '07', 'B7', '01', 5),
(77, '07', 'C7', '01', 3),
(78, '01', 'A', '01', 5),
(78, '01', 'B', '01', 4),
(78, '02', 'A2', '01', 4),
(78, '02', 'B2', '01', 3),
(78, '03', 'A3', '01', 4),
(78, '03', 'B3', '01', 3),
(78, '03', 'C3', '01', 5),
(78, '04', 'A4', '01', 3),
(78, '04', 'B4', '01', 3),
(78, '04', 'C4', '01', 4),
(78, '05', 'A5', '01', 4),
(78, '05', 'B5', '01', 4),
(78, '05', 'C5', '01', 4),
(78, '06', 'A6', '01', 3),
(78, '06', 'B6', '01', 5),
(78, '06', 'C6', '01', 5),
(78, '06', 'D6', '01', 3),
(78, '07', 'A7', '01', 3),
(78, '07', 'B7', '01', 3),
(78, '07', 'C7', '01', 2),
(79, '01', 'A', '01', 5),
(79, '01', 'B', '01', 4),
(79, '02', 'A2', '01', 4),
(79, '02', 'B2', '01', 3),
(79, '03', 'A3', '01', 4),
(79, '03', 'B3', '01', 4),
(79, '03', 'C3', '01', 5),
(79, '04', 'A4', '01', 3),
(79, '04', 'B4', '01', 5),
(79, '04', 'C4', '01', 3),
(79, '05', 'A5', '01', 4),
(79, '05', 'B5', '01', 3),
(79, '05', 'C5', '01', 3),
(79, '06', 'A6', '01', 5),
(79, '06', 'B6', '01', 5),
(79, '06', 'C6', '01', 5),
(79, '06', 'D6', '01', 4),
(79, '07', 'A7', '01', 3),
(79, '07', 'B7', '01', 5),
(79, '07', 'C7', '01', 3),
(80, '01', 'A', '01', 3),
(80, '01', 'B', '01', 5),
(80, '02', 'A2', '01', 4),
(80, '02', 'B2', '01', 2),
(80, '03', 'A3', '01', 4),
(80, '03', 'B3', '01', 1),
(80, '03', 'C3', '01', 4),
(80, '04', 'A4', '01', 3),
(80, '04', 'B4', '01', 1),
(80, '04', 'C4', '01', 5),
(80, '05', 'A5', '01', 5),
(80, '05', 'B5', '01', 5),
(80, '05', 'C5', '01', 4),
(80, '06', 'A6', '01', 5),
(80, '06', 'B6', '01', 4),
(80, '06', 'C6', '01', 4),
(80, '06', 'D6', '01', 4),
(80, '07', 'A7', '01', 4),
(80, '07', 'B7', '01', 3),
(80, '07', 'C7', '01', 5),
(81, '01', 'A', '01', 5),
(81, '01', 'B', '01', 4),
(81, '02', 'A2', '01', 4),
(81, '02', 'B2', '01', 5),
(81, '03', 'A3', '01', 5),
(81, '03', 'B3', '01', 5),
(81, '03', 'C3', '01', 4),
(81, '04', 'A4', '01', 5),
(81, '04', 'B4', '01', 2),
(81, '04', 'C4', '01', 3),
(81, '05', 'A5', '01', 5),
(81, '05', 'B5', '01', 5),
(81, '05', 'C5', '01', 5),
(81, '06', 'A6', '01', 5),
(81, '06', 'B6', '01', 3),
(81, '06', 'C6', '01', 4),
(81, '06', 'D6', '01', 4),
(81, '07', 'A7', '01', 4),
(81, '07', 'B7', '01', 5),
(81, '07', 'C7', '01', 5),
(82, '01', 'A', '01', 4),
(82, '01', 'B', '01', 5),
(82, '02', 'A2', '01', 5),
(82, '02', 'B2', '01', 3),
(82, '03', 'A3', '01', 4),
(82, '03', 'B3', '01', 5),
(82, '03', 'C3', '01', 5),
(82, '04', 'A4', '01', 5),
(82, '04', 'B4', '01', 5),
(82, '04', 'C4', '01', 3),
(82, '05', 'A5', '01', 3),
(82, '05', 'B5', '01', 4),
(82, '05', 'C5', '01', 5),
(82, '06', 'A6', '01', 5),
(82, '06', 'B6', '01', 3),
(82, '06', 'C6', '01', 5),
(82, '06', 'D6', '01', 5),
(82, '07', 'A7', '01', 4),
(82, '07', 'B7', '01', 4),
(82, '07', 'C7', '01', 4),
(83, '01', 'A', '01', 4),
(83, '01', 'B', '01', 4),
(83, '02', 'A2', '01', 3),
(83, '02', 'B2', '01', 4),
(83, '03', 'A3', '01', 3),
(83, '03', 'B3', '01', 4),
(83, '03', 'C3', '01', 4),
(83, '04', 'A4', '01', 1),
(83, '04', 'B4', '01', 4),
(83, '04', 'C4', '01', 5),
(83, '05', 'A5', '01', 5),
(83, '05', 'B5', '01', 5),
(83, '05', 'C5', '01', 3),
(83, '06', 'A6', '01', 3),
(83, '06', 'B6', '01', 5),
(83, '06', 'C6', '01', 5),
(83, '06', 'D6', '01', 4),
(83, '07', 'A7', '01', 3),
(83, '07', 'B7', '01', 3),
(83, '07', 'C7', '01', 5),
(84, '01', 'A', '01', 3),
(84, '01', 'B', '01', 5),
(84, '02', 'A2', '01', 4),
(84, '02', 'B2', '01', 4),
(84, '03', 'A3', '01', 3),
(84, '03', 'B3', '01', 1),
(84, '03', 'C3', '01', 2),
(84, '04', 'A4', '01', 3),
(84, '04', 'B4', '01', 5),
(84, '04', 'C4', '01', 3),
(84, '05', 'A5', '01', 5),
(84, '05', 'B5', '01', 5),
(84, '05', 'C5', '01', 3),
(84, '06', 'A6', '01', 5),
(84, '06', 'B6', '01', 4),
(84, '06', 'C6', '01', 5),
(84, '06', 'D6', '01', 5),
(84, '07', 'A7', '01', 5),
(84, '07', 'B7', '01', 3),
(84, '07', 'C7', '01', 5),
(85, '01', 'A', '01', 5),
(85, '01', 'B', '01', 4),
(85, '02', 'A2', '01', 4),
(85, '02', 'B2', '01', 2),
(85, '03', 'A3', '01', 5),
(85, '03', 'B3', '01', 5),
(85, '03', 'C3', '01', 4),
(85, '04', 'A4', '01', 4),
(85, '04', 'B4', '01', 5),
(85, '04', 'C4', '01', 4),
(85, '05', 'A5', '01', 3),
(85, '05', 'B5', '01', 4),
(85, '05', 'C5', '01', 4),
(85, '06', 'A6', '01', 4),
(85, '06', 'B6', '01', 4),
(85, '06', 'C6', '01', 5),
(85, '06', 'D6', '01', 3),
(85, '07', 'A7', '01', 5),
(85, '07', 'B7', '01', 5),
(85, '07', 'C7', '01', 1),
(86, '01', 'A', '01', 3),
(86, '01', 'B', '01', 5),
(86, '02', 'A2', '01', 3),
(86, '02', 'B2', '01', 3),
(86, '03', 'A3', '01', 4),
(86, '03', 'B3', '01', 5),
(86, '03', 'C3', '01', 5),
(86, '04', 'A4', '01', 3),
(86, '04', 'B4', '01', 4),
(86, '04', 'C4', '01', 5),
(86, '05', 'A5', '01', 3),
(86, '05', 'B5', '01', 5),
(86, '05', 'C5', '01', 5),
(86, '06', 'A6', '01', 4),
(86, '06', 'B6', '01', 5),
(86, '06', 'C6', '01', 5),
(86, '06', 'D6', '01', 4),
(86, '07', 'A7', '01', 5),
(86, '07', 'B7', '01', 5),
(86, '07', 'C7', '01', 3),
(87, '01', 'A', '01', 4),
(87, '01', 'B', '01', 4),
(87, '02', 'A2', '01', 5),
(87, '02', 'B2', '01', 2),
(87, '03', 'A3', '01', 5),
(87, '03', 'B3', '01', 3),
(87, '03', 'C3', '01', 5),
(87, '04', 'A4', '01', 1),
(87, '04', 'B4', '01', 4),
(87, '04', 'C4', '01', 4),
(87, '05', 'A5', '01', 5),
(87, '05', 'B5', '01', 5),
(87, '05', 'C5', '01', 4),
(87, '06', 'A6', '01', 5),
(87, '06', 'B6', '01', 5),
(87, '06', 'C6', '01', 4),
(87, '06', 'D6', '01', 4),
(87, '07', 'A7', '01', 3),
(87, '07', 'B7', '01', 5),
(87, '07', 'C7', '01', 4),
(88, '01', 'A', '01', 5),
(88, '01', 'B', '01', 5),
(88, '02', 'A2', '01', 4),
(88, '02', 'B2', '01', 4),
(88, '03', 'A3', '01', 5),
(88, '03', 'B3', '01', 3),
(88, '03', 'C3', '01', 5),
(88, '04', 'A4', '01', 5),
(88, '04', 'B4', '01', 4),
(88, '04', 'C4', '01', 5),
(88, '05', 'A5', '01', 5),
(88, '05', 'B5', '01', 4),
(88, '05', 'C5', '01', 5),
(88, '06', 'A6', '01', 4),
(88, '06', 'B6', '01', 5),
(88, '06', 'C6', '01', 4),
(88, '06', 'D6', '01', 5),
(88, '07', 'A7', '01', 4),
(88, '07', 'B7', '01', 4),
(88, '07', 'C7', '01', 4),
(89, '01', 'A', '01', 4),
(89, '01', 'B', '01', 5),
(89, '02', 'A2', '01', 5),
(89, '02', 'B2', '01', 3),
(89, '03', 'A3', '01', 4),
(89, '03', 'B3', '01', 4),
(89, '03', 'C3', '01', 5),
(89, '04', 'A4', '01', 5),
(89, '04', 'B4', '01', 3),
(89, '04', 'C4', '01', 4),
(89, '05', 'A5', '01', 4),
(89, '05', 'B5', '01', 5),
(89, '05', 'C5', '01', 4),
(89, '06', 'A6', '01', 5),
(89, '06', 'B6', '01', 2),
(89, '06', 'C6', '01', 3),
(89, '06', 'D6', '01', 5),
(89, '07', 'A7', '01', 4),
(89, '07', 'B7', '01', 4),
(89, '07', 'C7', '01', 4),
(90, '01', 'A', '01', 5),
(90, '01', 'B', '01', 3),
(90, '02', 'A2', '01', 4),
(90, '02', 'B2', '01', 3),
(90, '03', 'A3', '01', 4),
(90, '03', 'B3', '01', 5),
(90, '03', 'C3', '01', 4),
(90, '04', 'A4', '01', 2),
(90, '04', 'B4', '01', 3),
(90, '04', 'C4', '01', 3),
(90, '05', 'A5', '01', 5),
(90, '05', 'B5', '01', 4),
(90, '05', 'C5', '01', 4),
(90, '06', 'A6', '01', 4),
(90, '06', 'B6', '01', 5),
(90, '06', 'C6', '01', 4),
(90, '06', 'D6', '01', 4),
(90, '07', 'A7', '01', 5),
(90, '07', 'B7', '01', 5),
(90, '07', 'C7', '01', 2),
(91, '01', 'A', '01', 4),
(91, '01', 'B', '01', 5),
(91, '02', 'A2', '01', 5),
(91, '02', 'B2', '01', 3),
(91, '03', 'A3', '01', 5),
(91, '03', 'B3', '01', 5),
(91, '03', 'C3', '01', 5),
(91, '04', 'A4', '01', 4),
(91, '04', 'B4', '01', 5),
(91, '04', 'C4', '01', 5),
(91, '05', 'A5', '01', 3),
(91, '05', 'B5', '01', 5),
(91, '05', 'C5', '01', 3),
(91, '06', 'A6', '01', 5),
(91, '06', 'B6', '01', 4),
(91, '06', 'C6', '01', 5),
(91, '06', 'D6', '01', 4),
(91, '07', 'A7', '01', 5),
(91, '07', 'B7', '01', 5),
(91, '07', 'C7', '01', 3),
(92, '01', 'A', '01', 4),
(92, '01', 'B', '01', 4),
(92, '02', 'A2', '01', 4),
(92, '02', 'B2', '01', 5),
(92, '03', 'A3', '01', 5),
(92, '03', 'B3', '01', 4),
(92, '03', 'C3', '01', 4),
(92, '04', 'A4', '01', 5),
(92, '04', 'B4', '01', 5),
(92, '04', 'C4', '01', 4),
(92, '05', 'A5', '01', 5),
(92, '05', 'B5', '01', 4),
(92, '05', 'C5', '01', 5),
(92, '06', 'A6', '01', 5),
(92, '06', 'B6', '01', 4),
(92, '06', 'C6', '01', 5),
(92, '06', 'D6', '01', 4),
(92, '07', 'A7', '01', 5),
(92, '07', 'B7', '01', 5),
(92, '07', 'C7', '01', 2),
(93, '01', 'A', '01', 5),
(93, '01', 'B', '01', 5),
(93, '02', 'A2', '01', 5),
(93, '02', 'B2', '01', 5),
(93, '03', 'A3', '01', 5),
(93, '03', 'B3', '01', 4),
(93, '03', 'C3', '01', 5),
(93, '04', 'A4', '01', 3),
(93, '04', 'B4', '01', 5),
(93, '04', 'C4', '01', 4),
(93, '05', 'A5', '01', 5),
(93, '05', 'B5', '01', 5),
(93, '05', 'C5', '01', 4),
(93, '06', 'A6', '01', 4),
(93, '06', 'B6', '01', 5),
(93, '06', 'C6', '01', 5),
(93, '06', 'D6', '01', 5),
(93, '07', 'A7', '01', 3),
(93, '07', 'B7', '01', 4),
(93, '07', 'C7', '01', 4),
(94, '01', 'A', '01', 4),
(94, '01', 'B', '01', 5),
(94, '02', 'A2', '01', 5),
(94, '02', 'B2', '01', 4),
(94, '03', 'A3', '01', 3),
(94, '03', 'B3', '01', 4),
(94, '03', 'C3', '01', 5),
(94, '04', 'A4', '01', 4),
(94, '04', 'B4', '01', 3),
(94, '04', 'C4', '01', 3),
(94, '05', 'A5', '01', 5),
(94, '05', 'B5', '01', 4),
(94, '05', 'C5', '01', 4),
(94, '06', 'A6', '01', 4),
(94, '06', 'B6', '01', 5),
(94, '06', 'C6', '01', 4),
(94, '06', 'D6', '01', 5),
(94, '07', 'A7', '01', 4),
(94, '07', 'B7', '01', 4),
(94, '07', 'C7', '01', 1),
(95, '01', 'A', '01', 5),
(95, '01', 'B', '01', 4),
(95, '02', 'A2', '01', 5),
(95, '02', 'B2', '01', 3),
(95, '03', 'A3', '01', 5),
(95, '03', 'B3', '01', 5),
(95, '03', 'C3', '01', 5),
(95, '04', 'A4', '01', 4),
(95, '04', 'B4', '01', 5),
(95, '04', 'C4', '01', 3),
(95, '05', 'A5', '01', 4),
(95, '05', 'B5', '01', 2),
(95, '05', 'C5', '01', 4),
(95, '06', 'A6', '01', 5),
(95, '06', 'B6', '01', 2),
(95, '06', 'C6', '01', 4),
(95, '06', 'D6', '01', 3),
(95, '07', 'A7', '01', 5),
(95, '07', 'B7', '01', 3),
(95, '07', 'C7', '01', 2),
(96, '01', 'A', '01', 3),
(96, '01', 'B', '01', 5),
(96, '02', 'A2', '01', 4),
(96, '02', 'B2', '01', 5),
(96, '03', 'A3', '01', 4),
(96, '03', 'B3', '01', 3),
(96, '03', 'C3', '01', 4),
(96, '04', 'A4', '01', 4),
(96, '04', 'B4', '01', 5),
(96, '04', 'C4', '01', 5),
(96, '05', 'A5', '01', 5),
(96, '05', 'B5', '01', 5),
(96, '05', 'C5', '01', 4),
(96, '06', 'A6', '01', 4),
(96, '06', 'B6', '01', 4),
(96, '06', 'C6', '01', 3),
(96, '06', 'D6', '01', 5),
(96, '07', 'A7', '01', 4),
(96, '07', 'B7', '01', 4),
(96, '07', 'C7', '01', 2),
(97, '01', 'A', '01', 4),
(97, '01', 'B', '01', 4),
(97, '02', 'A2', '01', 4),
(97, '02', 'B2', '01', 4),
(97, '03', 'A3', '01', 5),
(97, '03', 'B3', '01', 4),
(97, '03', 'C3', '01', 3),
(97, '04', 'A4', '01', 5),
(97, '04', 'B4', '01', 5),
(97, '04', 'C4', '01', 5),
(97, '05', 'A5', '01', 4),
(97, '05', 'B5', '01', 4),
(97, '05', 'C5', '01', 3),
(97, '06', 'A6', '01', 4),
(97, '06', 'B6', '01', 5),
(97, '06', 'C6', '01', 5),
(97, '06', 'D6', '01', 5),
(97, '07', 'A7', '01', 5),
(97, '07', 'B7', '01', 4),
(97, '07', 'C7', '01', 3),
(98, '01', 'A', '01', 5),
(98, '01', 'B', '01', 4),
(98, '02', 'A2', '01', 4),
(98, '02', 'B2', '01', 2),
(98, '03', 'A3', '01', 2),
(98, '03', 'B3', '01', 3),
(98, '03', 'C3', '01', 5),
(98, '04', 'A4', '01', 4),
(98, '04', 'B4', '01', 5),
(98, '04', 'C4', '01', 3),
(98, '05', 'A5', '01', 5),
(98, '05', 'B5', '01', 5),
(98, '05', 'C5', '01', 3),
(98, '06', 'A6', '01', 5),
(98, '06', 'B6', '01', 4),
(98, '06', 'C6', '01', 4),
(98, '06', 'D6', '01', 4),
(98, '07', 'A7', '01', 5),
(98, '07', 'B7', '01', 5),
(98, '07', 'C7', '01', 3),
(99, '01', 'A', '01', 3),
(99, '01', 'B', '01', 4),
(99, '02', 'A2', '01', 4),
(99, '02', 'B2', '01', 4),
(99, '03', 'A3', '01', 5),
(99, '03', 'B3', '01', 4),
(99, '03', 'C3', '01', 5),
(99, '04', 'A4', '01', 4),
(99, '04', 'B4', '01', 5),
(99, '04', 'C4', '01', 5),
(99, '05', 'A5', '01', 4),
(99, '05', 'B5', '01', 4),
(99, '05', 'C5', '01', 4),
(99, '06', 'A6', '01', 4),
(99, '06', 'B6', '01', 3),
(99, '06', 'C6', '01', 2),
(99, '06', 'D6', '01', 4),
(99, '07', 'A7', '01', 5),
(99, '07', 'B7', '01', 5),
(99, '07', 'C7', '01', 3),
(100, '01', 'A', '01', 2),
(100, '01', 'B', '01', 5),
(100, '02', 'A2', '01', 5),
(100, '02', 'B2', '01', 1),
(100, '03', 'A3', '01', 4),
(100, '03', 'B3', '01', 5),
(100, '03', 'C3', '01', 5),
(100, '04', 'A4', '01', 5),
(100, '04', 'B4', '01', 5),
(100, '04', 'C4', '01', 3),
(100, '05', 'A5', '01', 2),
(100, '05', 'B5', '01', 4),
(100, '05', 'C5', '01', 5),
(100, '06', 'A6', '01', 5),
(100, '06', 'B6', '01', 3),
(100, '06', 'C6', '01', 4),
(100, '06', 'D6', '01', 5),
(100, '07', 'A7', '01', 4),
(100, '07', 'B7', '01', 2),
(100, '07', 'C7', '01', 1),
(101, '01', 'A', '01', 2),
(101, '01', 'B', '01', 5),
(101, '02', 'A2', '01', 5),
(101, '02', 'B2', '01', 3),
(101, '03', 'A3', '01', 5),
(101, '03', 'B3', '01', 3),
(101, '03', 'C3', '01', 4),
(101, '04', 'A4', '01', 5),
(101, '04', 'B4', '01', 4),
(101, '04', 'C4', '01', 3),
(101, '05', 'A5', '01', 5),
(101, '05', 'B5', '01', 4),
(101, '05', 'C5', '01', 4),
(101, '06', 'A6', '01', 4),
(101, '06', 'B6', '01', 5),
(101, '06', 'C6', '01', 5),
(101, '06', 'D6', '01', 3),
(101, '07', 'A7', '01', 4),
(101, '07', 'B7', '01', 5),
(101, '07', 'C7', '01', 2),
(102, '01', 'A', '01', 5),
(102, '01', 'B', '01', 4),
(102, '02', 'A2', '01', 3),
(102, '02', 'B2', '01', 4),
(102, '03', 'A3', '01', 5),
(102, '03', 'B3', '01', 4),
(102, '03', 'C3', '01', 5),
(102, '04', 'A4', '01', 2),
(102, '04', 'B4', '01', 3),
(102, '04', 'C4', '01', 3),
(102, '05', 'A5', '01', 4),
(102, '05', 'B5', '01', 5),
(102, '05', 'C5', '01', 3),
(102, '06', 'A6', '01', 1),
(102, '06', 'B6', '01', 3),
(102, '06', 'C6', '01', 3),
(102, '06', 'D6', '01', 3),
(102, '07', 'A7', '01', 3),
(102, '07', 'B7', '01', 4),
(102, '07', 'C7', '01', 3),
(103, '01', 'A', '01', 4),
(103, '01', 'B', '01', 5),
(103, '02', 'A2', '01', 3),
(103, '02', 'B2', '01', 3),
(103, '03', 'A3', '01', 4),
(103, '03', 'B3', '01', 5),
(103, '03', 'C3', '01', 4),
(103, '04', 'A4', '01', 4),
(103, '04', 'B4', '01', 5),
(103, '04', 'C4', '01', 3),
(103, '05', 'A5', '01', 4),
(103, '05', 'B5', '01', 3),
(103, '05', 'C5', '01', 5),
(103, '06', 'A6', '01', 4),
(103, '06', 'B6', '01', 4),
(103, '06', 'C6', '01', 5),
(103, '06', 'D6', '01', 4),
(103, '07', 'A7', '01', 5),
(103, '07', 'B7', '01', 4),
(103, '07', 'C7', '01', 2),
(104, '01', 'A', '01', 5),
(104, '01', 'B', '01', 4),
(104, '02', 'A2', '01', 3),
(104, '02', 'B2', '01', 3),
(104, '03', 'A3', '01', 3),
(104, '03', 'B3', '01', 5),
(104, '03', 'C3', '01', 5),
(104, '04', 'A4', '01', 3),
(104, '04', 'B4', '01', 4),
(104, '04', 'C4', '01', 5),
(104, '05', 'A5', '01', 4),
(104, '05', 'B5', '01', 5),
(104, '05', 'C5', '01', 4),
(104, '06', 'A6', '01', 5),
(104, '06', 'B6', '01', 4),
(104, '06', 'C6', '01', 3),
(104, '06', 'D6', '01', 5),
(104, '07', 'A7', '01', 5),
(104, '07', 'B7', '01', 4),
(104, '07', 'C7', '01', 3),
(105, '01', 'A', '01', 3),
(105, '01', 'B', '01', 5),
(105, '02', 'A2', '01', 5),
(105, '02', 'B2', '01', 4),
(105, '03', 'A3', '01', 4),
(105, '03', 'B3', '01', 4),
(105, '03', 'C3', '01', 3),
(105, '04', 'A4', '01', 5),
(105, '04', 'B4', '01', 5),
(105, '04', 'C4', '01', 3),
(105, '05', 'A5', '01', 1),
(105, '05', 'B5', '01', 4),
(105, '05', 'C5', '01', 3),
(105, '06', 'A6', '01', 4),
(105, '06', 'B6', '01', 5),
(105, '06', 'C6', '01', 5),
(105, '06', 'D6', '01', 4),
(105, '07', 'A7', '01', 4),
(105, '07', 'B7', '01', 4),
(105, '07', 'C7', '01', 1),
(106, '01', 'A', '01', 4),
(106, '01', 'B', '01', 4),
(106, '02', 'A2', '01', 4),
(106, '02', 'B2', '01', 2),
(106, '03', 'A3', '01', 5),
(106, '03', 'B3', '01', 5),
(106, '03', 'C3', '01', 5),
(106, '04', 'A4', '01', 4),
(106, '04', 'B4', '01', 4),
(106, '04', 'C4', '01', 3),
(106, '05', 'A5', '01', 3),
(106, '05', 'B5', '01', 4),
(106, '05', 'C5', '01', 3),
(106, '06', 'A6', '01', 4),
(106, '06', 'B6', '01', 3),
(106, '06', 'C6', '01', 4),
(106, '06', 'D6', '01', 4),
(106, '07', 'A7', '01', 5),
(106, '07', 'B7', '01', 4),
(106, '07', 'C7', '01', 5),
(107, '01', 'A', '01', 3),
(107, '01', 'B', '01', 4),
(107, '02', 'A2', '01', 5),
(107, '02', 'B2', '01', 2),
(107, '03', 'A3', '01', 4),
(107, '03', 'B3', '01', 4),
(107, '03', 'C3', '01', 4),
(107, '04', 'A4', '01', 3),
(107, '04', 'B4', '01', 5),
(107, '04', 'C4', '01', 5),
(107, '05', 'A5', '01', 4),
(107, '05', 'B5', '01', 5),
(107, '05', 'C5', '01', 5),
(107, '06', 'A6', '01', 5),
(107, '06', 'B6', '01', 2),
(107, '06', 'C6', '01', 5),
(107, '06', 'D6', '01', 5),
(107, '07', 'A7', '01', 4),
(107, '07', 'B7', '01', 5),
(107, '07', 'C7', '01', 3),
(108, '01', 'A', '01', 5),
(108, '01', 'B', '01', 5),
(108, '02', 'A2', '01', 4),
(108, '02', 'B2', '01', 3),
(108, '03', 'A3', '01', 5),
(108, '03', 'B3', '01', 5),
(108, '03', 'C3', '01', 3),
(108, '04', 'A4', '01', 4),
(108, '04', 'B4', '01', 5),
(108, '04', 'C4', '01', 5),
(108, '05', 'A5', '01', 3),
(108, '05', 'B5', '01', 5),
(108, '05', 'C5', '01', 5),
(108, '06', 'A6', '01', 4),
(108, '06', 'B6', '01', 4),
(108, '06', 'C6', '01', 4),
(108, '06', 'D6', '01', 3),
(108, '07', 'A7', '01', 4),
(108, '07', 'B7', '01', 4),
(108, '07', 'C7', '01', 4),
(109, '01', 'A', '01', 5),
(109, '01', 'B', '01', 3),
(109, '02', 'A2', '01', 4),
(109, '02', 'B2', '01', 3),
(109, '03', 'A3', '01', 4),
(109, '03', 'B3', '01', 2),
(109, '03', 'C3', '01', 5);
INSERT INTO `detail_nilai` (`kdnilai`, `kdkri`, `kdsub`, `kdpenilai`, `nilai`) VALUES
(109, '04', 'A4', '01', 4),
(109, '04', 'B4', '01', 5),
(109, '04', 'C4', '01', 4),
(109, '05', 'A5', '01', 2),
(109, '05', 'B5', '01', 4),
(109, '05', 'C5', '01', 4),
(109, '06', 'A6', '01', 4),
(109, '06', 'B6', '01', 1),
(109, '06', 'C6', '01', 5),
(109, '06', 'D6', '01', 5),
(109, '07', 'A7', '01', 4),
(109, '07', 'B7', '01', 2),
(109, '07', 'C7', '01', 4),
(110, '01', 'A', '01', 4),
(110, '01', 'B', '01', 4),
(110, '02', 'A2', '01', 4),
(110, '02', 'B2', '01', 3),
(110, '03', 'A3', '01', 3),
(110, '03', 'B3', '01', 3),
(110, '03', 'C3', '01', 4),
(110, '04', 'A4', '01', 5),
(110, '04', 'B4', '01', 4),
(110, '04', 'C4', '01', 3),
(110, '05', 'A5', '01', 5),
(110, '05', 'B5', '01', 5),
(110, '05', 'C5', '01', 4),
(110, '06', 'A6', '01', 3),
(110, '06', 'B6', '01', 5),
(110, '06', 'C6', '01', 3),
(110, '06', 'D6', '01', 2),
(110, '07', 'A7', '01', 4),
(110, '07', 'B7', '01', 3),
(110, '07', 'C7', '01', 5),
(111, '01', 'A', '01', 5),
(111, '01', 'B', '01', 4),
(111, '02', 'A2', '01', 3),
(111, '02', 'B2', '01', 5),
(111, '03', 'A3', '01', 3),
(111, '03', 'B3', '01', 5),
(111, '03', 'C3', '01', 5),
(111, '04', 'A4', '01', 5),
(111, '04', 'B4', '01', 5),
(111, '04', 'C4', '01', 3),
(111, '05', 'A5', '01', 5),
(111, '05', 'B5', '01', 5),
(111, '05', 'C5', '01', 4),
(111, '06', 'A6', '01', 4),
(111, '06', 'B6', '01', 5),
(111, '06', 'C6', '01', 4),
(111, '06', 'D6', '01', 3),
(111, '07', 'A7', '01', 4),
(111, '07', 'B7', '01', 5),
(111, '07', 'C7', '01', 5),
(112, '01', 'A', '01', 3),
(112, '01', 'B', '01', 5),
(112, '02', 'A2', '01', 4),
(112, '02', 'B2', '01', 2),
(112, '03', 'A3', '01', 4),
(112, '03', 'B3', '01', 3),
(112, '03', 'C3', '01', 3),
(112, '04', 'A4', '01', 4),
(112, '04', 'B4', '01', 5),
(112, '04', 'C4', '01', 5),
(112, '05', 'A5', '01', 2),
(112, '05', 'B5', '01', 1),
(112, '05', 'C5', '01', 1),
(112, '06', 'A6', '01', 3),
(112, '06', 'B6', '01', 5),
(112, '06', 'C6', '01', 1),
(112, '06', 'D6', '01', 2),
(112, '07', 'A7', '01', 2),
(112, '07', 'B7', '01', 3),
(112, '07', 'C7', '01', 4),
(114, '01', 'A', '01', 5),
(114, '01', 'B', '01', 4),
(114, '02', 'A2', '01', 4),
(114, '02', 'B2', '01', 3),
(114, '03', 'A3', '01', 4),
(114, '03', 'B3', '01', 3),
(114, '03', 'C3', '01', 3),
(114, '04', 'A4', '01', 4),
(114, '04', 'B4', '01', 5),
(114, '04', 'C4', '01', 4),
(114, '05', 'A5', '01', 4),
(114, '05', 'B5', '01', 3),
(114, '05', 'C5', '01', 4),
(114, '06', 'A6', '01', 4),
(114, '06', 'B6', '01', 5),
(114, '06', 'C6', '01', 4),
(114, '06', 'D6', '01', 4),
(114, '07', 'A7', '01', 5),
(114, '07', 'B7', '01', 3),
(114, '07', 'C7', '01', 5),
(115, '01', 'A', '01', 5),
(115, '01', 'B', '01', 5),
(115, '02', 'A2', '01', 4),
(115, '02', 'B2', '01', 5),
(115, '03', 'A3', '01', 4),
(115, '03', 'B3', '01', 3),
(115, '03', 'C3', '01', 4),
(115, '04', 'A4', '01', 5),
(115, '04', 'B4', '01', 4),
(115, '04', 'C4', '01', 4),
(115, '05', 'A5', '01', 3),
(115, '05', 'B5', '01', 5),
(115, '05', 'C5', '01', 4),
(115, '06', 'A6', '01', 4),
(115, '06', 'B6', '01', 4),
(115, '06', 'C6', '01', 3),
(115, '06', 'D6', '01', 4),
(115, '07', 'A7', '01', 3),
(115, '07', 'B7', '01', 5),
(115, '07', 'C7', '01', 4),
(116, '01', 'A', '01', 5),
(116, '01', 'B', '01', 5),
(116, '02', 'A2', '01', 4),
(116, '02', 'B2', '01', 4),
(116, '03', 'A3', '01', 2),
(116, '03', 'B3', '01', 5),
(116, '03', 'C3', '01', 3),
(116, '04', 'A4', '01', 4),
(116, '04', 'B4', '01', 4),
(116, '04', 'C4', '01', 4),
(116, '05', 'A5', '01', 4),
(116, '05', 'B5', '01', 2),
(116, '05', 'C5', '01', 3),
(116, '06', 'A6', '01', 3),
(116, '06', 'B6', '01', 4),
(116, '06', 'C6', '01', 5),
(116, '06', 'D6', '01', 4),
(116, '07', 'A7', '01', 4),
(116, '07', 'B7', '01', 5),
(116, '07', 'C7', '01', 2),
(117, '01', 'A', '01', 4),
(117, '01', 'B', '01', 4),
(117, '02', 'A2', '01', 4),
(117, '02', 'B2', '01', 2),
(117, '03', 'A3', '01', 3),
(117, '03', 'B3', '01', 4),
(117, '03', 'C3', '01', 4),
(117, '04', 'A4', '01', 3),
(117, '04', 'B4', '01', 5),
(117, '04', 'C4', '01', 4),
(117, '05', 'A5', '01', 4),
(117, '05', 'B5', '01', 5),
(117, '05', 'C5', '01', 5),
(117, '06', 'A6', '01', 3),
(117, '06', 'B6', '01', 3),
(117, '06', 'C6', '01', 2),
(117, '06', 'D6', '01', 5),
(117, '07', 'A7', '01', 5),
(117, '07', 'B7', '01', 3),
(117, '07', 'C7', '01', 5),
(119, '01', 'A', '01', 4),
(119, '01', 'B', '01', 4),
(119, '02', 'A2', '01', 5),
(119, '02', 'B2', '01', 4),
(119, '03', 'A3', '01', 5),
(119, '03', 'B3', '01', 3),
(119, '03', 'C3', '01', 4),
(119, '04', 'A4', '01', 5),
(119, '04', 'B4', '01', 5),
(119, '04', 'C4', '01', 4),
(119, '05', 'A5', '01', 5),
(119, '05', 'B5', '01', 4),
(119, '05', 'C5', '01', 3),
(119, '06', 'A6', '01', 5),
(119, '06', 'B6', '01', 4),
(119, '06', 'C6', '01', 5),
(119, '06', 'D6', '01', 1),
(119, '07', 'A7', '01', 5),
(119, '07', 'B7', '01', 3),
(119, '07', 'C7', '01', 4),
(120, '01', 'A', '01', 5),
(120, '01', 'B', '01', 4),
(120, '02', 'A2', '01', 3),
(120, '02', 'B2', '01', 3),
(120, '03', 'A3', '01', 3),
(120, '03', 'B3', '01', 4),
(120, '03', 'C3', '01', 4),
(120, '04', 'A4', '01', 4),
(120, '04', 'B4', '01', 3),
(120, '04', 'C4', '01', 4),
(120, '05', 'A5', '01', 5),
(120, '05', 'B5', '01', 4),
(120, '05', 'C5', '01', 3),
(120, '06', 'A6', '01', 4),
(120, '06', 'B6', '01', 3),
(120, '06', 'C6', '01', 3),
(120, '06', 'D6', '01', 5),
(120, '07', 'A7', '01', 5),
(120, '07', 'B7', '01', 4),
(120, '07', 'C7', '01', 3),
(121, '01', 'A', '03', 5),
(121, '01', 'B', '03', 4),
(121, '05', 'A5', '03', 5),
(121, '05', 'B5', '03', 4),
(121, '05', 'C5', '03', 5),
(121, '06', 'A6', '03', 5),
(121, '06', 'B6', '03', 4),
(121, '06', 'C6', '03', 4),
(121, '06', 'D6', '03', 5),
(121, '07', 'A7', '03', 5),
(121, '07', 'B7', '03', 2),
(121, '07', 'C7', '03', 5),
(122, '01', 'A', '03', 5),
(122, '01', 'B', '03', 5),
(122, '02', 'A2', '03', 0),
(122, '02', 'B2', '03', 0),
(122, '03', 'A3', '03', 0),
(122, '03', 'B3', '03', 0),
(122, '03', 'C3', '03', 0),
(122, '04', 'A4', '03', 0),
(122, '04', 'B4', '03', 0),
(122, '04', 'C4', '03', 0),
(122, '05', 'A5', '03', 5),
(122, '05', 'B5', '03', 4),
(122, '05', 'C5', '03', 4),
(122, '06', 'A6', '03', 4),
(122, '06', 'B6', '03', 4),
(122, '06', 'C6', '03', 4),
(122, '06', 'D6', '03', 4),
(122, '07', 'A7', '03', 5),
(122, '07', 'B7', '03', 5),
(122, '07', 'C7', '03', 5),
(123, '01', 'A', '03', 5),
(123, '01', 'B', '03', 5),
(123, '05', 'A5', '03', 5),
(123, '05', 'B5', '03', 3),
(123, '05', 'C5', '03', 4),
(123, '06', 'A6', '03', 5),
(123, '06', 'B6', '03', 4),
(123, '06', 'C6', '03', 4),
(123, '06', 'D6', '03', 5),
(123, '07', 'A7', '03', 5),
(123, '07', 'B7', '03', 5),
(123, '07', 'C7', '03', 3),
(124, '01', 'A', '03', 4),
(124, '01', 'B', '03', 4),
(124, '05', 'A5', '03', 4),
(124, '05', 'B5', '03', 3),
(124, '05', 'C5', '03', 4),
(124, '06', 'A6', '03', 4),
(124, '06', 'B6', '03', 5),
(124, '06', 'C6', '03', 5),
(124, '06', 'D6', '03', 4),
(124, '07', 'A7', '03', 5),
(124, '07', 'B7', '03', 3),
(124, '07', 'C7', '03', 4),
(125, '01', 'A', '03', 4),
(125, '01', 'B', '03', 4),
(125, '05', 'A5', '03', 3),
(125, '05', 'B5', '03', 4),
(125, '05', 'C5', '03', 4),
(125, '06', 'A6', '03', 4),
(125, '06', 'B6', '03', 5),
(125, '06', 'C6', '03', 4),
(125, '06', 'D6', '03', 5),
(125, '07', 'A7', '03', 5),
(125, '07', 'B7', '03', 4),
(125, '07', 'C7', '03', 2),
(126, '01', 'A', '02', 5),
(126, '01', 'B', '02', 5),
(126, '02', 'A2', '02', 4),
(126, '02', 'B2', '02', 4),
(126, '03', 'A3', '02', 3),
(126, '03', 'B3', '02', 3),
(126, '03', 'C3', '02', 5),
(126, '04', 'A4', '02', 4),
(126, '04', 'B4', '02', 5),
(126, '04', 'C4', '02', 3),
(126, '05', 'A5', '02', 5),
(126, '05', 'B5', '02', 5),
(126, '05', 'C5', '02', 4),
(126, '06', 'A6', '02', 5),
(126, '06', 'B6', '02', 5),
(126, '06', 'C6', '02', 5),
(126, '06', 'D6', '02', 3),
(127, '01', 'A', '03', 5),
(127, '01', 'B', '03', 4),
(127, '05', 'A5', '03', 4),
(127, '05', 'B5', '03', 3),
(127, '05', 'C5', '03', 5),
(127, '06', 'A6', '03', 4),
(127, '06', 'B6', '03', 3),
(127, '06', 'C6', '03', 5),
(127, '06', 'D6', '03', 4),
(127, '07', 'A7', '03', 4),
(127, '07', 'B7', '03', 5),
(127, '07', 'C7', '03', 2),
(128, '01', 'A', '03', 2),
(128, '01', 'B', '03', 3),
(128, '05', 'A5', '03', 4),
(128, '05', 'B5', '03', 4),
(128, '05', 'C5', '03', 3),
(128, '06', 'A6', '03', 4),
(128, '06', 'B6', '03', 3),
(128, '06', 'C6', '03', 4),
(128, '06', 'D6', '03', 4),
(128, '07', 'A7', '03', 5),
(128, '07', 'B7', '03', 4),
(128, '07', 'C7', '03', 4),
(129, '01', 'A', '03', 5),
(129, '01', 'B', '03', 5),
(129, '05', 'A5', '03', 3),
(129, '05', 'B5', '03', 4),
(129, '05', 'C5', '03', 4),
(129, '06', 'A6', '03', 3),
(129, '06', 'B6', '03', 4),
(129, '06', 'C6', '03', 5),
(129, '06', 'D6', '03', 3),
(129, '07', 'A7', '03', 4),
(129, '07', 'B7', '03', 5),
(129, '07', 'C7', '03', 5),
(130, '01', 'A', '02', 5),
(130, '01', 'B', '02', 4),
(130, '02', 'A2', '02', 3),
(130, '02', 'B2', '02', 4),
(130, '03', 'A3', '02', 4),
(130, '03', 'B3', '02', 4),
(130, '03', 'C3', '02', 4),
(130, '04', 'A4', '02', 4),
(130, '04', 'B4', '02', 3),
(130, '04', 'C4', '02', 4),
(130, '05', 'A5', '02', 4),
(130, '05', 'B5', '02', 4),
(130, '05', 'C5', '02', 3),
(130, '06', 'A6', '02', 5),
(130, '06', 'B6', '02', 3),
(130, '06', 'C6', '02', 5),
(130, '06', 'D6', '02', 3),
(131, '01', 'A', '02', 5),
(131, '01', 'B', '02', 4),
(131, '02', 'A2', '02', 3),
(131, '02', 'B2', '02', 5),
(131, '03', 'A3', '02', 4),
(131, '03', 'B3', '02', 3),
(131, '03', 'C3', '02', 3),
(131, '04', 'A4', '02', 5),
(131, '04', 'B4', '02', 5),
(131, '04', 'C4', '02', 4),
(131, '05', 'A5', '02', 5),
(131, '05', 'B5', '02', 4),
(131, '05', 'C5', '02', 5),
(131, '06', 'A6', '02', 4),
(131, '06', 'B6', '02', 4),
(131, '06', 'C6', '02', 5),
(131, '06', 'D6', '02', 3),
(132, '01', 'A', '02', 3),
(132, '01', 'B', '02', 3),
(132, '02', 'A2', '02', 4),
(132, '02', 'B2', '02', 5),
(132, '03', 'A3', '02', 3),
(132, '03', 'B3', '02', 5),
(132, '03', 'C3', '02', 5),
(132, '04', 'A4', '02', 3),
(132, '04', 'B4', '02', 5),
(132, '04', 'C4', '02', 5),
(132, '05', 'A5', '02', 4),
(132, '05', 'B5', '02', 5),
(132, '05', 'C5', '02', 4),
(132, '06', 'A6', '02', 3),
(132, '06', 'B6', '02', 4),
(132, '06', 'C6', '02', 5),
(132, '06', 'D6', '02', 4),
(133, '01', 'A', '02', 3),
(133, '01', 'B', '02', 3),
(133, '02', 'A2', '02', 4),
(133, '02', 'B2', '02', 3),
(133, '03', 'A3', '02', 3),
(133, '03', 'B3', '02', 5),
(133, '03', 'C3', '02', 3),
(133, '04', 'A4', '02', 3),
(133, '04', 'B4', '02', 3),
(133, '04', 'C4', '02', 5),
(133, '05', 'A5', '02', 4),
(133, '05', 'B5', '02', 4),
(133, '05', 'C5', '02', 4),
(133, '06', 'A6', '02', 4),
(133, '06', 'B6', '02', 3),
(133, '06', 'C6', '02', 4),
(133, '06', 'D6', '02', 5),
(134, '01', 'A', '02', 4),
(134, '01', 'B', '02', 5),
(134, '02', 'A2', '02', 4),
(134, '02', 'B2', '02', 3),
(134, '03', 'A3', '02', 1),
(134, '03', 'B3', '02', 2),
(134, '03', 'C3', '02', 1),
(134, '04', 'A4', '02', 3),
(134, '04', 'B4', '02', 4),
(134, '04', 'C4', '02', 5),
(134, '05', 'A5', '02', 2),
(134, '05', 'B5', '02', 5),
(134, '05', 'C5', '02', 5),
(134, '06', 'A6', '02', 4),
(134, '06', 'B6', '02', 5),
(134, '06', 'C6', '02', 3),
(134, '06', 'D6', '02', 5),
(135, '01', 'A', '03', 3),
(135, '01', 'B', '03', 5),
(135, '05', 'A5', '03', 4),
(135, '05', 'B5', '03', 3),
(135, '05', 'C5', '03', 5),
(135, '06', 'A6', '03', 5),
(135, '06', 'B6', '03', 3),
(135, '06', 'C6', '03', 5),
(135, '06', 'D6', '03', 5),
(135, '07', 'A7', '03', 5),
(135, '07', 'B7', '03', 5),
(135, '07', 'C7', '03', 4),
(136, '01', 'A', '02', 2),
(136, '01', 'B', '02', 4),
(136, '02', 'A2', '02', 5),
(136, '02', 'B2', '02', 4),
(136, '03', 'A3', '02', 2),
(136, '03', 'B3', '02', 4),
(136, '03', 'C3', '02', 4),
(136, '04', 'A4', '02', 4),
(136, '04', 'B4', '02', 5),
(136, '04', 'C4', '02', 5),
(136, '05', 'A5', '02', 3),
(136, '05', 'B5', '02', 3),
(136, '05', 'C5', '02', 5),
(136, '06', 'A6', '02', 3),
(136, '06', 'B6', '02', 5),
(136, '06', 'C6', '02', 5),
(136, '06', 'D6', '02', 3),
(137, '01', 'A', '02', 5),
(137, '01', 'B', '02', 2),
(137, '02', 'A2', '02', 4),
(137, '02', 'B2', '02', 5),
(137, '03', 'A3', '02', 3),
(137, '03', 'B3', '02', 3),
(137, '03', 'C3', '02', 5),
(137, '04', 'A4', '02', 2),
(137, '04', 'B4', '02', 3),
(137, '04', 'C4', '02', 4),
(137, '05', 'A5', '02', 5),
(137, '05', 'B5', '02', 4),
(137, '05', 'C5', '02', 4),
(137, '06', 'A6', '02', 5),
(137, '06', 'B6', '02', 5),
(137, '06', 'C6', '02', 3),
(137, '06', 'D6', '02', 2),
(138, '01', 'A', '02', 4),
(138, '01', 'B', '02', 4),
(138, '02', 'A2', '02', 5),
(138, '02', 'B2', '02', 5),
(138, '03', 'A3', '02', 3),
(138, '03', 'B3', '02', 5),
(138, '03', 'C3', '02', 5),
(138, '04', 'A4', '02', 3),
(138, '04', 'B4', '02', 5),
(138, '04', 'C4', '02', 5),
(138, '05', 'A5', '02', 2),
(138, '05', 'B5', '02', 5),
(138, '05', 'C5', '02', 5),
(138, '06', 'A6', '02', 3),
(138, '06', 'B6', '02', 5),
(138, '06', 'C6', '02', 4),
(138, '06', 'D6', '02', 5),
(139, '04', 'A4', '04', 4),
(139, '04', 'B4', '04', 3),
(139, '04', 'C4', '04', 5),
(139, '06', 'A6', '04', 5),
(139, '06', 'B6', '04', 3),
(139, '06', 'C6', '04', 3),
(139, '06', 'D6', '04', 5),
(139, '07', 'A7', '04', 5),
(139, '07', 'B7', '04', 3),
(139, '07', 'C7', '04', 4),
(140, '04', 'A4', '04', 5),
(140, '04', 'B4', '04', 4),
(140, '04', 'C4', '04', 2),
(140, '06', 'A6', '04', 5),
(140, '06', 'B6', '04', 4),
(140, '06', 'C6', '04', 4),
(140, '06', 'D6', '04', 4),
(140, '07', 'A7', '04', 3),
(140, '07', 'B7', '04', 5),
(140, '07', 'C7', '04', 5),
(141, '04', 'A4', '04', 5),
(141, '04', 'B4', '04', 4),
(141, '04', 'C4', '04', 4),
(141, '06', 'A6', '04', 4),
(141, '06', 'B6', '04', 5),
(141, '06', 'C6', '04', 4),
(141, '06', 'D6', '04', 4),
(141, '07', 'A7', '04', 5),
(141, '07', 'B7', '04', 5),
(141, '07', 'C7', '04', 1),
(142, '04', 'A4', '04', 4),
(142, '04', 'B4', '04', 4),
(142, '04', 'C4', '04', 4),
(142, '06', 'A6', '04', 4),
(142, '06', 'B6', '04', 5),
(142, '06', 'C6', '04', 3),
(142, '06', 'D6', '04', 5),
(142, '07', 'A7', '04', 5),
(142, '07', 'B7', '04', 3),
(142, '07', 'C7', '04', 5),
(143, '04', 'A4', '04', 4),
(143, '04', 'B4', '04', 4),
(143, '04', 'C4', '04', 4),
(143, '06', 'A6', '04', 5),
(143, '06', 'B6', '04', 5),
(143, '06', 'C6', '04', 3),
(143, '06', 'D6', '04', 4),
(143, '07', 'A7', '04', 5),
(143, '07', 'B7', '04', 5),
(143, '07', 'C7', '04', 2),
(144, '04', 'A4', '04', 4),
(144, '04', 'B4', '04', 3),
(144, '04', 'C4', '04', 5),
(144, '06', 'A6', '04', 1),
(144, '06', 'B6', '04', 3),
(144, '06', 'C6', '04', 4),
(144, '06', 'D6', '04', 5),
(144, '07', 'A7', '04', 5),
(144, '07', 'B7', '04', 4),
(144, '07', 'C7', '04', 3),
(145, '04', 'A4', '04', 4),
(145, '04', 'B4', '04', 5),
(145, '04', 'C4', '04', 4),
(145, '06', 'A6', '04', 5),
(145, '06', 'B6', '04', 4),
(145, '06', 'C6', '04', 3),
(145, '06', 'D6', '04', 5),
(145, '07', 'A7', '04', 5),
(145, '07', 'B7', '04', 4),
(145, '07', 'C7', '04', 2),
(146, '04', 'A4', '04', 4),
(146, '04', 'B4', '04', 4),
(146, '04', 'C4', '04', 4),
(146, '06', 'A6', '04', 4),
(146, '06', 'B6', '04', 1),
(146, '06', 'C6', '04', 5),
(146, '06', 'D6', '04', 5),
(146, '07', 'A7', '04', 5),
(146, '07', 'B7', '04', 5),
(146, '07', 'C7', '04', 2),
(147, '04', 'A4', '04', 5),
(147, '04', 'B4', '04', 5),
(147, '04', 'C4', '04', 4),
(147, '06', 'A6', '04', 3),
(147, '06', 'B6', '04', 5),
(147, '06', 'C6', '04', 5),
(147, '06', 'D6', '04', 3),
(147, '07', 'A7', '04', 4),
(147, '07', 'B7', '04', 4),
(147, '07', 'C7', '04', 3),
(148, '04', 'A4', '04', 4),
(148, '04', 'B4', '04', 3),
(148, '04', 'C4', '04', 4),
(148, '06', 'A6', '04', 3),
(148, '06', 'B6', '04', 5),
(148, '06', 'C6', '04', 3),
(148, '06', 'D6', '04', 2),
(148, '07', 'A7', '04', 5),
(148, '07', 'B7', '04', 5),
(148, '07', 'C7', '04', 3),
(149, '04', 'A4', '04', 4),
(149, '04', 'B4', '04', 3),
(149, '04', 'C4', '04', 5),
(149, '06', 'A6', '04', 5),
(149, '06', 'B6', '04', 5),
(149, '06', 'C6', '04', 4),
(149, '06', 'D6', '04', 5),
(149, '07', 'A7', '04', 4),
(149, '07', 'B7', '04', 4),
(149, '07', 'C7', '04', 2),
(150, '04', 'A4', '04', 4),
(150, '04', 'B4', '04', 5),
(150, '04', 'C4', '04', 4),
(150, '06', 'A6', '04', 5),
(150, '06', 'B6', '04', 2),
(150, '06', 'C6', '04', 4),
(150, '06', 'D6', '04', 4),
(150, '07', 'A7', '04', 4),
(150, '07', 'B7', '04', 4),
(150, '07', 'C7', '04', 5),
(151, '04', 'A4', '04', 4),
(151, '04', 'B4', '04', 5),
(151, '04', 'C4', '04', 3),
(151, '06', 'A6', '04', 4),
(151, '06', 'B6', '04', 5),
(151, '06', 'C6', '04', 2),
(151, '06', 'D6', '04', 5),
(151, '07', 'A7', '04', 4),
(151, '07', 'B7', '04', 4),
(151, '07', 'C7', '04', 4),
(152, '04', 'A4', '04', 4),
(152, '04', 'B4', '04', 3),
(152, '04', 'C4', '04', 5),
(152, '06', 'A6', '04', 5),
(152, '06', 'B6', '04', 3),
(152, '06', 'C6', '04', 5),
(152, '06', 'D6', '04', 4),
(152, '07', 'A7', '04', 4),
(152, '07', 'B7', '04', 5),
(152, '07', 'C7', '04', 4),
(153, '04', 'A4', '04', 4),
(153, '04', 'B4', '04', 3),
(153, '04', 'C4', '04', 4),
(153, '06', 'A6', '04', 5),
(153, '06', 'B6', '04', 5),
(153, '06', 'C6', '04', 2),
(153, '06', 'D6', '04', 4),
(153, '07', 'A7', '04', 3),
(153, '07', 'B7', '04', 5),
(153, '07', 'C7', '04', 5),
(154, '04', 'A4', '04', 4),
(154, '04', 'B4', '04', 5),
(154, '04', 'C4', '04', 3),
(154, '06', 'A6', '04', 4),
(154, '06', 'B6', '04', 4),
(154, '06', 'C6', '04', 2),
(154, '06', 'D6', '04', 4),
(154, '07', 'A7', '04', 3),
(154, '07', 'B7', '04', 4),
(154, '07', 'C7', '04', 4),
(155, '04', 'A4', '04', 4),
(155, '04', 'B4', '04', 2),
(155, '04', 'C4', '04', 3),
(155, '06', 'A6', '04', 5),
(155, '06', 'B6', '04', 4),
(155, '06', 'C6', '04', 3),
(155, '06', 'D6', '04', 4),
(155, '07', 'A7', '04', 4),
(155, '07', 'B7', '04', 4),
(155, '07', 'C7', '04', 3),
(156, '04', 'A4', '04', 4),
(156, '04', 'B4', '04', 5),
(156, '04', 'C4', '04', 5),
(156, '06', 'A6', '04', 4),
(156, '06', 'B6', '04', 4),
(156, '06', 'C6', '04', 5),
(156, '06', 'D6', '04', 3),
(156, '07', 'A7', '04', 4),
(156, '07', 'B7', '04', 5),
(156, '07', 'C7', '04', 4),
(157, '04', 'A4', '04', 4),
(157, '04', 'B4', '04', 4),
(157, '04', 'C4', '04', 5),
(157, '06', 'A6', '04', 4),
(157, '06', 'B6', '04', 5),
(157, '06', 'C6', '04', 2),
(157, '06', 'D6', '04', 3),
(157, '07', 'A7', '04', 3),
(157, '07', 'B7', '04', 5),
(157, '07', 'C7', '04', 4),
(158, '01', 'A', '03', 4),
(158, '01', 'B', '03', 3),
(158, '05', 'A5', '03', 4),
(158, '05', 'B5', '03', 4),
(158, '05', 'C5', '03', 2),
(158, '06', 'A6', '03', 3),
(158, '06', 'B6', '03', 3),
(158, '06', 'C6', '03', 2),
(158, '06', 'D6', '03', 4),
(158, '07', 'A7', '03', 4),
(158, '07', 'B7', '03', 4),
(158, '07', 'C7', '03', 3),
(159, '01', 'A', '03', 3),
(159, '01', 'B', '03', 3),
(159, '05', 'A5', '03', 5),
(159, '05', 'B5', '03', 4),
(159, '05', 'C5', '03', 3),
(159, '06', 'A6', '03', 4),
(159, '06', 'B6', '03', 5),
(159, '06', 'C6', '03', 4),
(159, '06', 'D6', '03', 4),
(159, '07', 'A7', '03', 2),
(159, '07', 'B7', '03', 4),
(159, '07', 'C7', '03', 3),
(160, '01', 'A', '03', 3),
(160, '01', 'B', '03', 5),
(160, '05', 'A5', '03', 5),
(160, '05', 'B5', '03', 4),
(160, '05', 'C5', '03', 4),
(160, '06', 'A6', '03', 5),
(160, '06', 'B6', '03', 4),
(160, '06', 'C6', '03', 4),
(160, '06', 'D6', '03', 5),
(160, '07', 'A7', '03', 3),
(160, '07', 'B7', '03', 1),
(160, '07', 'C7', '03', 2),
(161, '01', 'A', '03', 3),
(161, '01', 'B', '03', 4),
(161, '05', 'A5', '03', 4),
(161, '05', 'B5', '03', 5),
(161, '05', 'C5', '03', 5),
(161, '06', 'A6', '03', 4),
(161, '06', 'B6', '03', 5),
(161, '06', 'C6', '03', 5),
(161, '06', 'D6', '03', 3),
(161, '07', 'A7', '03', 4),
(161, '07', 'B7', '03', 5),
(161, '07', 'C7', '03', 4),
(162, '01', 'A', '03', 4),
(162, '01', 'B', '03', 5),
(162, '05', 'A5', '03', 3),
(162, '05', 'B5', '03', 3),
(162, '05', 'C5', '03', 3),
(162, '06', 'A6', '03', 3),
(162, '06', 'B6', '03', 5),
(162, '06', 'C6', '03', 4),
(162, '06', 'D6', '03', 2),
(162, '07', 'A7', '03', 3),
(162, '07', 'B7', '03', 4),
(162, '07', 'C7', '03', 5),
(163, '01', 'A', '03', 5),
(163, '01', 'B', '03', 4),
(163, '05', 'A5', '03', 3),
(163, '05', 'B5', '03', 5),
(163, '05', 'C5', '03', 3),
(163, '06', 'A6', '03', 4),
(163, '06', 'B6', '03', 5),
(163, '06', 'C6', '03', 5),
(163, '06', 'D6', '03', 4),
(163, '07', 'A7', '03', 3),
(163, '07', 'B7', '03', 5),
(163, '07', 'C7', '03', 4),
(164, '01', 'A', '03', 4),
(164, '01', 'B', '03', 2),
(164, '05', 'A5', '03', 3),
(164, '05', 'B5', '03', 5),
(164, '05', 'C5', '03', 4),
(164, '06', 'A6', '03', 5),
(164, '06', 'B6', '03', 4),
(164, '06', 'C6', '03', 4),
(164, '06', 'D6', '03', 4),
(164, '07', 'A7', '03', 4),
(164, '07', 'B7', '03', 5),
(164, '07', 'C7', '03', 1),
(165, '01', 'A', '03', 4),
(165, '01', 'B', '03', 2),
(165, '05', 'A5', '03', 4),
(165, '05', 'B5', '03', 3),
(165, '05', 'C5', '03', 5),
(165, '06', 'A6', '03', 5),
(165, '06', 'B6', '03', 5),
(165, '06', 'C6', '03', 3),
(165, '06', 'D6', '03', 3),
(165, '07', 'A7', '03', 4),
(165, '07', 'B7', '03', 3),
(165, '07', 'C7', '03', 2),
(166, '01', 'A', '02', 4),
(166, '01', 'B', '02', 5),
(166, '02', 'A2', '02', 3),
(166, '02', 'B2', '02', 5),
(166, '03', 'A3', '02', 5),
(166, '03', 'B3', '02', 5),
(166, '03', 'C3', '02', 4),
(166, '04', 'A4', '02', 4),
(166, '04', 'B4', '02', 5),
(166, '04', 'C4', '02', 4),
(166, '05', 'A5', '02', 5),
(166, '05', 'B5', '02', 5),
(166, '05', 'C5', '02', 2),
(166, '06', 'A6', '02', 4),
(166, '06', 'B6', '02', 5),
(166, '06', 'C6', '02', 4),
(166, '06', 'D6', '02', 3),
(167, '01', 'A', '02', 4),
(167, '01', 'B', '02', 4),
(167, '02', 'A2', '02', 5),
(167, '02', 'B2', '02', 4),
(167, '03', 'A3', '02', 4),
(167, '03', 'B3', '02', 4),
(167, '03', 'C3', '02', 1),
(167, '04', 'A4', '02', 4),
(167, '04', 'B4', '02', 5),
(167, '04', 'C4', '02', 2),
(167, '05', 'A5', '02', 4),
(167, '05', 'B5', '02', 5),
(167, '05', 'C5', '02', 5),
(167, '06', 'A6', '02', 4),
(167, '06', 'B6', '02', 3),
(167, '06', 'C6', '02', 3),
(167, '06', 'D6', '02', 3),
(168, '01', 'A', '02', 4),
(168, '01', 'B', '02', 4),
(168, '02', 'A2', '02', 4),
(168, '02', 'B2', '02', 3),
(168, '03', 'A3', '02', 4),
(168, '03', 'B3', '02', 3),
(168, '03', 'C3', '02', 5),
(168, '04', 'A4', '02', 3),
(168, '04', 'B4', '02', 4),
(168, '04', 'C4', '02', 4),
(168, '05', 'A5', '02', 5),
(168, '05', 'B5', '02', 4),
(168, '05', 'C5', '02', 2),
(168, '06', 'A6', '02', 4),
(168, '06', 'B6', '02', 5),
(168, '06', 'C6', '02', 5),
(168, '06', 'D6', '02', 3),
(169, '01', 'A', '02', 2),
(169, '01', 'B', '02', 5),
(169, '02', 'A2', '02', 5),
(169, '02', 'B2', '02', 4),
(169, '03', 'A3', '02', 4),
(169, '03', 'B3', '02', 5),
(169, '03', 'C3', '02', 5),
(169, '04', 'A4', '02', 4),
(169, '04', 'B4', '02', 4),
(169, '04', 'C4', '02', 3),
(169, '05', 'A5', '02', 5),
(169, '05', 'B5', '02', 5),
(169, '05', 'C5', '02', 3),
(169, '06', 'A6', '02', 3),
(169, '06', 'B6', '02', 4),
(169, '06', 'C6', '02', 4),
(169, '06', 'D6', '02', 5),
(170, '01', 'A', '02', 3),
(170, '01', 'B', '02', 4),
(170, '02', 'A2', '02', 4),
(170, '02', 'B2', '02', 4),
(170, '03', 'A3', '02', 5),
(170, '03', 'B3', '02', 2),
(170, '03', 'C3', '02', 3),
(170, '04', 'A4', '02', 4),
(170, '04', 'B4', '02', 5),
(170, '04', 'C4', '02', 4),
(170, '05', 'A5', '02', 3),
(170, '05', 'B5', '02', 4),
(170, '05', 'C5', '02', 3),
(170, '06', 'A6', '02', 4),
(170, '06', 'B6', '02', 5),
(170, '06', 'C6', '02', 4),
(170, '06', 'D6', '02', 4),
(171, '01', 'A', '02', 5),
(171, '01', 'B', '02', 5),
(171, '02', 'A2', '02', 3),
(171, '02', 'B2', '02', 4),
(171, '03', 'A3', '02', 4),
(171, '03', 'B3', '02', 5),
(171, '03', 'C3', '02', 4),
(171, '04', 'A4', '02', 3),
(171, '04', 'B4', '02', 5),
(171, '04', 'C4', '02', 4),
(171, '05', 'A5', '02', 4),
(171, '05', 'B5', '02', 3),
(171, '05', 'C5', '02', 4),
(171, '06', 'A6', '02', 5),
(171, '06', 'B6', '02', 5),
(171, '06', 'C6', '02', 2),
(171, '06', 'D6', '02', 5),
(172, '01', 'A', '02', 4),
(172, '01', 'B', '02', 4),
(172, '02', 'A2', '02', 5),
(172, '02', 'B2', '02', 5),
(172, '03', 'A3', '02', 2),
(172, '03', 'B3', '02', 3),
(172, '03', 'C3', '02', 4),
(172, '04', 'A4', '02', 5),
(172, '04', 'B4', '02', 5),
(172, '04', 'C4', '02', 2),
(172, '05', 'A5', '02', 5),
(172, '05', 'B5', '02', 5),
(172, '05', 'C5', '02', 4),
(172, '06', 'A6', '02', 4),
(172, '06', 'B6', '02', 3),
(172, '06', 'C6', '02', 5),
(172, '06', 'D6', '02', 3),
(173, '01', 'A', '02', 3),
(173, '01', 'B', '02', 5),
(173, '02', 'A2', '02', 4),
(173, '02', 'B2', '02', 3),
(173, '03', 'A3', '02', 4),
(173, '03', 'B3', '02', 5),
(173, '03', 'C3', '02', 5),
(173, '04', 'A4', '02', 4),
(173, '04', 'B4', '02', 5),
(173, '04', 'C4', '02', 4),
(173, '05', 'A5', '02', 5),
(173, '05', 'B5', '02', 5),
(173, '05', 'C5', '02', 5),
(173, '06', 'A6', '02', 4),
(173, '06', 'B6', '02', 2),
(173, '06', 'C6', '02', 3),
(173, '06', 'D6', '02', 4),
(174, '01', 'A', '03', 5),
(174, '01', 'B', '03', 2),
(174, '05', 'A5', '03', 4),
(174, '05', 'B5', '03', 5),
(174, '05', 'C5', '03', 5),
(174, '06', 'A6', '03', 2),
(174, '06', 'B6', '03', 3),
(174, '06', 'C6', '03', 4),
(174, '06', 'D6', '03', 3),
(174, '07', 'A7', '03', 3),
(174, '07', 'B7', '03', 4),
(174, '07', 'C7', '03', 2),
(175, '01', 'A', '03', 5),
(175, '01', 'B', '03', 3),
(175, '05', 'A5', '03', 5),
(175, '05', 'B5', '03', 4),
(175, '05', 'C5', '03', 4),
(175, '06', 'A6', '03', 3),
(175, '06', 'B6', '03', 5),
(175, '06', 'C6', '03', 5),
(175, '06', 'D6', '03', 4),
(175, '07', 'A7', '03', 5),
(175, '07', 'B7', '03', 5),
(175, '07', 'C7', '03', 2),
(176, '01', 'A', '03', 4),
(176, '01', 'B', '03', 4),
(176, '05', 'A5', '03', 4),
(176, '05', 'B5', '03', 5),
(176, '05', 'C5', '03', 4),
(176, '06', 'A6', '03', 1),
(176, '06', 'B6', '03', 3),
(176, '06', 'C6', '03', 5),
(176, '06', 'D6', '03', 5),
(176, '07', 'A7', '03', 3),
(176, '07', 'B7', '03', 4),
(176, '07', 'C7', '03', 2),
(177, '01', 'A', '03', 4),
(177, '01', 'B', '03', 3),
(177, '05', 'A5', '03', 3),
(177, '05', 'B5', '03', 4),
(177, '05', 'C5', '03', 5),
(177, '06', 'A6', '03', 3),
(177, '06', 'B6', '03', 4),
(177, '06', 'C6', '03', 5),
(177, '06', 'D6', '03', 4),
(177, '07', 'A7', '03', 4),
(177, '07', 'B7', '03', 5),
(177, '07', 'C7', '03', 4),
(178, '01', 'A', '03', 4),
(178, '01', 'B', '03', 2),
(178, '05', 'A5', '03', 5),
(178, '05', 'B5', '03', 5),
(178, '05', 'C5', '03', 5),
(178, '06', 'A6', '03', 4),
(178, '06', 'B6', '03', 3),
(178, '06', 'C6', '03', 5),
(178, '06', 'D6', '03', 5),
(178, '07', 'A7', '03', 3),
(178, '07', 'B7', '03', 4),
(178, '07', 'C7', '03', 5),
(179, '01', 'A', '03', 4),
(179, '01', 'B', '03', 4),
(179, '05', 'A5', '03', 4),
(179, '05', 'B5', '03', 4),
(179, '05', 'C5', '03', 4),
(179, '06', 'A6', '03', 5),
(179, '06', 'B6', '03', 3),
(179, '06', 'C6', '03', 4),
(179, '06', 'D6', '03', 2),
(179, '07', 'A7', '03', 4),
(179, '07', 'B7', '03', 5),
(179, '07', 'C7', '03', 4),
(180, '01', 'A', '03', 4),
(180, '01', 'B', '03', 4),
(180, '05', 'A5', '03', 4),
(180, '05', 'B5', '03', 4),
(180, '05', 'C5', '03', 5),
(180, '06', 'A6', '03', 3),
(180, '06', 'B6', '03', 3),
(180, '06', 'C6', '03', 5),
(180, '06', 'D6', '03', 3),
(180, '07', 'A7', '03', 3),
(180, '07', 'B7', '03', 3),
(180, '07', 'C7', '03', 1),
(181, '01', 'A', '03', 3),
(181, '01', 'B', '03', 3),
(181, '05', 'A5', '03', 4),
(181, '05', 'B5', '03', 5),
(181, '05', 'C5', '03', 5),
(181, '06', 'A6', '03', 4),
(181, '06', 'B6', '03', 4),
(181, '06', 'C6', '03', 3),
(181, '06', 'D6', '03', 4),
(181, '07', 'A7', '03', 5),
(181, '07', 'B7', '03', 4),
(181, '07', 'C7', '03', 2),
(182, '04', 'A4', '04', 4),
(182, '04', 'B4', '04', 4),
(182, '04', 'C4', '04', 5),
(182, '06', 'A6', '04', 5),
(182, '06', 'B6', '04', 4),
(182, '06', 'C6', '04', 5),
(182, '06', 'D6', '04', 4),
(182, '07', 'A7', '04', 4),
(182, '07', 'B7', '04', 5),
(182, '07', 'C7', '04', 3),
(183, '04', 'A4', '04', 3),
(183, '04', 'B4', '04', 4),
(183, '04', 'C4', '04', 4),
(183, '06', 'A6', '04', 4),
(183, '06', 'B6', '04', 3),
(183, '06', 'C6', '04', 4),
(183, '06', 'D6', '04', 4),
(183, '07', 'A7', '04', 5),
(183, '07', 'B7', '04', 4),
(183, '07', 'C7', '04', 4),
(184, '04', 'A4', '04', 5),
(184, '04', 'B4', '04', 4),
(184, '04', 'C4', '04', 3),
(184, '06', 'A6', '04', 5),
(184, '06', 'B6', '04', 5),
(184, '06', 'C6', '04', 4),
(184, '06', 'D6', '04', 3),
(184, '07', 'A7', '04', 5),
(184, '07', 'B7', '04', 4),
(184, '07', 'C7', '04', 2),
(185, '04', 'A4', '04', 4),
(185, '04', 'B4', '04', 5),
(185, '04', 'C4', '04', 3),
(185, '06', 'A6', '04', 5),
(185, '06', 'B6', '04', 4),
(185, '06', 'C6', '04', 4),
(185, '06', 'D6', '04', 3),
(185, '07', 'A7', '04', 4),
(185, '07', 'B7', '04', 3),
(185, '07', 'C7', '04', 4),
(186, '04', 'A4', '04', 3),
(186, '04', 'B4', '04', 3),
(186, '04', 'C4', '04', 5),
(186, '06', 'A6', '04', 4),
(186, '06', 'B6', '04', 3),
(186, '06', 'C6', '04', 5),
(186, '06', 'D6', '04', 4),
(186, '07', 'A7', '04', 4),
(186, '07', 'B7', '04', 3),
(186, '07', 'C7', '04', 4),
(187, '04', 'A4', '04', 4),
(187, '04', 'B4', '04', 2),
(187, '04', 'C4', '04', 4),
(187, '06', 'A6', '04', 4),
(187, '06', 'B6', '04', 5),
(187, '06', 'C6', '04', 5),
(187, '06', 'D6', '04', 4),
(187, '07', 'A7', '04', 3),
(187, '07', 'B7', '04', 5),
(187, '07', 'C7', '04', 3),
(188, '04', 'A4', '04', 4),
(188, '04', 'B4', '04', 4),
(188, '04', 'C4', '04', 5),
(188, '06', 'A6', '04', 2),
(188, '06', 'B6', '04', 4),
(188, '06', 'C6', '04', 2),
(188, '06', 'D6', '04', 3),
(188, '07', 'A7', '04', 4),
(188, '07', 'B7', '04', 4),
(188, '07', 'C7', '04', 3),
(189, '04', 'A4', '04', 5),
(189, '04', 'B4', '04', 3),
(189, '04', 'C4', '04', 3),
(189, '06', 'A6', '04', 2),
(189, '06', 'B6', '04', 3),
(189, '06', 'C6', '04', 3),
(189, '06', 'D6', '04', 3),
(189, '07', 'A7', '04', 4),
(189, '07', 'B7', '04', 3),
(189, '07', 'C7', '04', 1),
(190, '04', 'A4', '04', 5),
(190, '04', 'B4', '04', 4),
(190, '04', 'C4', '04', 5),
(190, '06', 'A6', '04', 1),
(190, '06', 'B6', '04', 4),
(190, '06', 'C6', '04', 3),
(190, '06', 'D6', '04', 3),
(190, '07', 'A7', '04', 3),
(190, '07', 'B7', '04', 3),
(190, '07', 'C7', '04', 2),
(191, '01', 'A', '02', 4),
(191, '01', 'B', '02', 4),
(191, '02', 'A2', '02', 4),
(191, '02', 'B2', '02', 4),
(191, '03', 'A3', '02', 4),
(191, '03', 'B3', '02', 2),
(191, '03', 'C3', '02', 2),
(191, '04', 'A4', '02', 3),
(191, '04', 'B4', '02', 1),
(191, '04', 'C4', '02', 3),
(191, '05', 'A5', '02', 4),
(191, '05', 'B5', '02', 4),
(191, '05', 'C5', '02', 5),
(191, '06', 'A6', '02', 5),
(191, '06', 'B6', '02', 3),
(191, '06', 'C6', '02', 1),
(191, '06', 'D6', '02', 4),
(192, '01', 'A', '02', 4),
(192, '01', 'B', '02', 4),
(192, '02', 'A2', '02', 4),
(192, '02', 'B2', '02', 2),
(192, '03', 'A3', '02', 3),
(192, '03', 'B3', '02', 4),
(192, '03', 'C3', '02', 4),
(192, '04', 'A4', '02', 5),
(192, '04', 'B4', '02', 5),
(192, '04', 'C4', '02', 3),
(192, '05', 'A5', '02', 4),
(192, '05', 'B5', '02', 5),
(192, '05', 'C5', '02', 5),
(192, '06', 'A6', '02', 4),
(192, '06', 'B6', '02', 3),
(192, '06', 'C6', '02', 5),
(192, '06', 'D6', '02', 4),
(193, '01', 'A', '02', 5),
(193, '01', 'B', '02', 3),
(193, '02', 'A2', '02', 5),
(193, '02', 'B2', '02', 3),
(193, '03', 'A3', '02', 4),
(193, '03', 'B3', '02', 4),
(193, '03', 'C3', '02', 5),
(193, '04', 'A4', '02', 2),
(193, '04', 'B4', '02', 5),
(193, '04', 'C4', '02', 5),
(193, '05', 'A5', '02', 4),
(193, '05', 'B5', '02', 4),
(193, '05', 'C5', '02', 2),
(193, '06', 'A6', '02', 4),
(193, '06', 'B6', '02', 4),
(193, '06', 'C6', '02', 5),
(193, '06', 'D6', '02', 4),
(194, '01', 'A', '02', 5),
(194, '01', 'B', '02', 3),
(194, '02', 'A2', '02', 2),
(194, '02', 'B2', '02', 4),
(194, '03', 'A3', '02', 3),
(194, '03', 'B3', '02', 4),
(194, '03', 'C3', '02', 5),
(194, '04', 'A4', '02', 5),
(194, '04', 'B4', '02', 3),
(194, '04', 'C4', '02', 4),
(194, '05', 'A5', '02', 5),
(194, '05', 'B5', '02', 5),
(194, '05', 'C5', '02', 3),
(194, '06', 'A6', '02', 3),
(194, '06', 'B6', '02', 5),
(194, '06', 'C6', '02', 4),
(194, '06', 'D6', '02', 3),
(195, '01', 'A', '02', 4),
(195, '01', 'B', '02', 4),
(195, '02', 'A2', '02', 4),
(195, '02', 'B2', '02', 3),
(195, '03', 'A3', '02', 4),
(195, '03', 'B3', '02', 5),
(195, '03', 'C3', '02', 3),
(195, '04', 'A4', '02', 4),
(195, '04', 'B4', '02', 4),
(195, '04', 'C4', '02', 3),
(195, '05', 'A5', '02', 3),
(195, '05', 'B5', '02', 3),
(195, '05', 'C5', '02', 4),
(195, '06', 'A6', '02', 5),
(195, '06', 'B6', '02', 4),
(195, '06', 'C6', '02', 5),
(195, '06', 'D6', '02', 4),
(196, '01', 'A', '02', 4),
(196, '01', 'B', '02', 3),
(196, '02', 'A2', '02', 4),
(196, '02', 'B2', '02', 4),
(196, '03', 'A3', '02', 5),
(196, '03', 'B3', '02', 3),
(196, '03', 'C3', '02', 5),
(196, '04', 'A4', '02', 3),
(196, '04', 'B4', '02', 4),
(196, '04', 'C4', '02', 3),
(196, '05', 'A5', '02', 2),
(196, '05', 'B5', '02', 4),
(196, '05', 'C5', '02', 3),
(196, '06', 'A6', '02', 5),
(196, '06', 'B6', '02', 4),
(196, '06', 'C6', '02', 4),
(196, '06', 'D6', '02', 3),
(197, '01', 'A', '02', 5),
(197, '01', 'B', '02', 4),
(197, '02', 'A2', '02', 2),
(197, '02', 'B2', '02', 5),
(197, '03', 'A3', '02', 5),
(197, '03', 'B3', '02', 5),
(197, '03', 'C3', '02', 3),
(197, '04', 'A4', '02', 3),
(197, '04', 'B4', '02', 4),
(197, '04', 'C4', '02', 4),
(197, '05', 'A5', '02', 5),
(197, '05', 'B5', '02', 5),
(197, '05', 'C5', '02', 4),
(197, '06', 'A6', '02', 4),
(197, '06', 'B6', '02', 4),
(197, '06', 'C6', '02', 3),
(197, '06', 'D6', '02', 4),
(198, '01', 'A', '02', 4),
(198, '01', 'B', '02', 4),
(198, '02', 'A2', '02', 4),
(198, '02', 'B2', '02', 3),
(198, '03', 'A3', '02', 4),
(198, '03', 'B3', '02', 5),
(198, '03', 'C3', '02', 4),
(198, '04', 'A4', '02', 3),
(198, '04', 'B4', '02', 3),
(198, '04', 'C4', '02', 4),
(198, '05', 'A5', '02', 3),
(198, '05', 'B5', '02', 3),
(198, '05', 'C5', '02', 5),
(198, '06', 'A6', '02', 5),
(198, '06', 'B6', '02', 4),
(198, '06', 'C6', '02', 4),
(198, '06', 'D6', '02', 5),
(200, '01', 'A', '02', 3),
(200, '01', 'B', '02', 4),
(200, '02', 'A2', '02', 5),
(200, '02', 'B2', '02', 5),
(200, '03', 'A3', '02', 3),
(200, '03', 'B3', '02', 5),
(200, '03', 'C3', '02', 4),
(200, '04', 'A4', '02', 4),
(200, '04', 'B4', '02', 5),
(200, '04', 'C4', '02', 5),
(200, '05', 'A5', '02', 3),
(200, '05', 'B5', '02', 3),
(200, '05', 'C5', '02', 5),
(200, '06', 'A6', '02', 5),
(200, '06', 'B6', '02', 4),
(200, '06', 'C6', '02', 5),
(200, '06', 'D6', '02', 3),
(201, '01', 'A', '02', 4),
(201, '01', 'B', '02', 4),
(201, '02', 'A2', '02', 4),
(201, '02', 'B2', '02', 4),
(201, '03', 'A3', '02', 3),
(201, '03', 'B3', '02', 3),
(201, '03', 'C3', '02', 2),
(201, '04', 'A4', '02', 4),
(201, '04', 'B4', '02', 5),
(201, '04', 'C4', '02', 5),
(201, '05', 'A5', '02', 4),
(201, '05', 'B5', '02', 4),
(201, '05', 'C5', '02', 4),
(201, '06', 'A6', '02', 5),
(201, '06', 'B6', '02', 3),
(201, '06', 'C6', '02', 5),
(201, '06', 'D6', '02', 5),
(202, '01', 'A', '02', 4),
(202, '01', 'B', '02', 4),
(202, '02', 'A2', '02', 4),
(202, '02', 'B2', '02', 5),
(202, '03', 'A3', '02', 3),
(202, '03', 'B3', '02', 3),
(202, '03', 'C3', '02', 5),
(202, '04', 'A4', '02', 4),
(202, '04', 'B4', '02', 5),
(202, '04', 'C4', '02', 5),
(202, '05', 'A5', '02', 3),
(202, '05', 'B5', '02', 3),
(202, '05', 'C5', '02', 4),
(202, '06', 'A6', '02', 5),
(202, '06', 'B6', '02', 3),
(202, '06', 'C6', '02', 2),
(202, '06', 'D6', '02', 3),
(203, '01', 'A', '02', 4),
(203, '01', 'B', '02', 3),
(203, '02', 'A2', '02', 5),
(203, '02', 'B2', '02', 5),
(203, '03', 'A3', '02', 3),
(203, '03', 'B3', '02', 4),
(203, '03', 'C3', '02', 3),
(203, '04', 'A4', '02', 5),
(203, '04', 'B4', '02', 5),
(203, '04', 'C4', '02', 4),
(203, '05', 'A5', '02', 5),
(203, '05', 'B5', '02', 2),
(203, '05', 'C5', '02', 5),
(203, '06', 'A6', '02', 5),
(203, '06', 'B6', '02', 3),
(203, '06', 'C6', '02', 3),
(203, '06', 'D6', '02', 5),
(204, '01', 'A', '03', 5),
(204, '01', 'B', '03', 3),
(204, '05', 'A5', '03', 5),
(204, '05', 'B5', '03', 4),
(204, '05', 'C5', '03', 5),
(204, '06', 'A6', '03', 2),
(204, '06', 'B6', '03', 5),
(204, '06', 'C6', '03', 5),
(204, '06', 'D6', '03', 4),
(204, '07', 'A7', '03', 5),
(204, '07', 'B7', '03', 5),
(204, '07', 'C7', '03', 5),
(206, '04', 'A4', '04', 4),
(206, '04', 'B4', '04', 2),
(206, '04', 'C4', '04', 4),
(206, '06', 'A6', '04', 5),
(206, '06', 'B6', '04', 4),
(206, '06', 'C6', '04', 3),
(206, '06', 'D6', '04', 5),
(206, '07', 'A7', '04', 5),
(206, '07', 'B7', '04', 4),
(206, '07', 'C7', '04', 4),
(207, '04', 'A4', '04', 5),
(207, '04', 'B4', '04', 3),
(207, '04', 'C4', '04', 5),
(207, '06', 'A6', '04', 4),
(207, '06', 'B6', '04', 5),
(207, '06', 'C6', '04', 3),
(207, '06', 'D6', '04', 5),
(207, '07', 'A7', '04', 4),
(207, '07', 'B7', '04', 5),
(207, '07', 'C7', '04', 4),
(208, '04', 'A4', '04', 4),
(208, '04', 'B4', '04', 4),
(208, '04', 'C4', '04', 5),
(208, '06', 'A6', '04', 4),
(208, '06', 'B6', '04', 4),
(208, '06', 'C6', '04', 4),
(208, '06', 'D6', '04', 5),
(208, '07', 'A7', '04', 3),
(208, '07', 'B7', '04', 5),
(208, '07', 'C7', '04', 3),
(209, '04', 'A4', '04', 5),
(209, '04', 'B4', '04', 3),
(209, '04', 'C4', '04', 4),
(209, '06', 'A6', '04', 5),
(209, '06', 'B6', '04', 5),
(209, '06', 'C6', '04', 3),
(209, '06', 'D6', '04', 5),
(209, '07', 'A7', '04', 5),
(209, '07', 'B7', '04', 4),
(209, '07', 'C7', '04', 4),
(210, '04', 'A4', '04', 5),
(210, '04', 'B4', '04', 5),
(210, '04', 'C4', '04', 4),
(210, '06', 'A6', '04', 4),
(210, '06', 'B6', '04', 4),
(210, '06', 'C6', '04', 4),
(210, '06', 'D6', '04', 1),
(210, '07', 'A7', '04', 4),
(210, '07', 'B7', '04', 4),
(210, '07', 'C7', '04', 2),
(211, '01', 'A', '03', 4),
(211, '01', 'B', '03', 3),
(211, '05', 'A5', '03', 5),
(211, '05', 'B5', '03', 4),
(211, '05', 'C5', '03', 4),
(211, '06', 'A6', '03', 2),
(211, '06', 'B6', '03', 5),
(211, '06', 'C6', '03', 5),
(211, '06', 'D6', '03', 4),
(211, '07', 'A7', '03', 4),
(211, '07', 'B7', '03', 2),
(211, '07', 'C7', '03', 4),
(212, '01', 'A', '03', 4),
(212, '01', 'B', '03', 3),
(212, '05', 'A5', '03', 3),
(212, '05', 'B5', '03', 5),
(212, '05', 'C5', '03', 4),
(212, '06', 'A6', '03', 4),
(212, '06', 'B6', '03', 4),
(212, '06', 'C6', '03', 3),
(212, '06', 'D6', '03', 4),
(212, '07', 'A7', '03', 4),
(212, '07', 'B7', '03', 4),
(212, '07', 'C7', '03', 1),
(213, '01', 'A', '03', 5),
(213, '01', 'B', '03', 2),
(213, '05', 'A5', '03', 5),
(213, '05', 'B5', '03', 3),
(213, '05', 'C5', '03', 4),
(213, '06', 'A6', '03', 4),
(213, '06', 'B6', '03', 2),
(213, '06', 'C6', '03', 3),
(213, '06', 'D6', '03', 4),
(213, '07', 'A7', '03', 4),
(213, '07', 'B7', '03', 5),
(213, '07', 'C7', '03', 1),
(214, '01', 'A', '03', 5),
(214, '01', 'B', '03', 4),
(214, '05', 'A5', '03', 4),
(214, '05', 'B5', '03', 3),
(214, '05', 'C5', '03', 5),
(214, '06', 'A6', '03', 4),
(214, '06', 'B6', '03', 4),
(214, '06', 'C6', '03', 3),
(214, '06', 'D6', '03', 4),
(214, '07', 'A7', '03', 3),
(214, '07', 'B7', '03', 5),
(214, '07', 'C7', '03', 1),
(215, '01', 'A', '03', 5),
(215, '01', 'B', '03', 3),
(215, '05', 'A5', '03', 4),
(215, '05', 'B5', '03', 4),
(215, '05', 'C5', '03', 5),
(215, '06', 'A6', '03', 3),
(215, '06', 'B6', '03', 4),
(215, '06', 'C6', '03', 2),
(215, '06', 'D6', '03', 5),
(215, '07', 'A7', '03', 3),
(215, '07', 'B7', '03', 5),
(215, '07', 'C7', '03', 4),
(216, '04', 'A4', '04', 5),
(216, '04', 'B4', '04', 3),
(216, '04', 'C4', '04', 5),
(216, '06', 'A6', '04', 5),
(216, '06', 'B6', '04', 4),
(216, '06', 'C6', '04', 4),
(216, '06', 'D6', '04', 5),
(216, '07', 'A7', '04', 4),
(216, '07', 'B7', '04', 2),
(216, '07', 'C7', '04', 3),
(217, '04', 'A4', '04', 5),
(217, '04', 'B4', '04', 3),
(217, '04', 'C4', '04', 5),
(217, '06', 'A6', '04', 4),
(217, '06', 'B6', '04', 5),
(217, '06', 'C6', '04', 3),
(217, '06', 'D6', '04', 4),
(217, '07', 'A7', '04', 5),
(217, '07', 'B7', '04', 5),
(217, '07', 'C7', '04', 3),
(218, '04', 'A4', '04', 5),
(218, '04', 'B4', '04', 3),
(218, '04', 'C4', '04', 5),
(218, '06', 'A6', '04', 5),
(218, '06', 'B6', '04', 5),
(218, '06', 'C6', '04', 5),
(218, '06', 'D6', '04', 5),
(218, '07', 'A7', '04', 2),
(218, '07', 'B7', '04', 5),
(218, '07', 'C7', '04', 3),
(219, '04', 'A4', '04', 5),
(219, '04', 'B4', '04', 2),
(219, '04', 'C4', '04', 3),
(219, '06', 'A6', '04', 5),
(219, '06', 'B6', '04', 5),
(219, '06', 'C6', '04', 3),
(219, '06', 'D6', '04', 5),
(219, '07', 'A7', '04', 4),
(219, '07', 'B7', '04', 2),
(219, '07', 'C7', '04', 5),
(220, '04', 'A4', '04', 4),
(220, '04', 'B4', '04', 2),
(220, '04', 'C4', '04', 4),
(220, '06', 'A6', '04', 4),
(220, '06', 'B6', '04', 3),
(220, '06', 'C6', '04', 5),
(220, '06', 'D6', '04', 3),
(220, '07', 'A7', '04', 5),
(220, '07', 'B7', '04', 4),
(220, '07', 'C7', '04', 2),
(221, '04', 'A4', '04', 5),
(221, '04', 'B4', '04', 2),
(221, '04', 'C4', '04', 5),
(221, '06', 'A6', '04', 5),
(221, '06', 'B6', '04', 5),
(221, '06', 'C6', '04', 5),
(221, '06', 'D6', '04', 4),
(221, '07', 'A7', '04', 5),
(221, '07', 'B7', '04', 5),
(221, '07', 'C7', '04', 2),
(222, '01', 'A', '02', 3),
(222, '01', 'B', '02', 5),
(222, '02', 'A2', '02', 5),
(222, '02', 'B2', '02', 5),
(222, '03', 'A3', '02', 4),
(222, '03', 'B3', '02', 4),
(222, '03', 'C3', '02', 4),
(222, '04', 'A4', '02', 5),
(222, '04', 'B4', '02', 5),
(222, '04', 'C4', '02', 4),
(222, '05', 'A5', '02', 4),
(222, '05', 'B5', '02', 5),
(222, '05', 'C5', '02', 4),
(222, '06', 'A6', '02', 5),
(222, '06', 'B6', '02', 5),
(222, '06', 'C6', '02', 4),
(222, '06', 'D6', '02', 1),
(223, '01', 'A', '02', 5),
(223, '01', 'B', '02', 2),
(223, '02', 'A2', '02', 4),
(223, '02', 'B2', '02', 2),
(223, '03', 'A3', '02', 5),
(223, '03', 'B3', '02', 4),
(223, '03', 'C3', '02', 4),
(223, '04', 'A4', '02', 4),
(223, '04', 'B4', '02', 4),
(223, '04', 'C4', '02', 3),
(223, '05', 'A5', '02', 4),
(223, '05', 'B5', '02', 5),
(223, '05', 'C5', '02', 5),
(223, '06', 'A6', '02', 2),
(223, '06', 'B6', '02', 4),
(223, '06', 'C6', '02', 5),
(223, '06', 'D6', '02', 3),
(224, '01', 'A', '02', 4),
(224, '01', 'B', '02', 2),
(224, '02', 'A2', '02', 4),
(224, '02', 'B2', '02', 3),
(224, '03', 'A3', '02', 5),
(224, '03', 'B3', '02', 1),
(224, '03', 'C3', '02', 4),
(224, '04', 'A4', '02', 5),
(224, '04', 'B4', '02', 5),
(224, '04', 'C4', '02', 4),
(224, '05', 'A5', '02', 5),
(224, '05', 'B5', '02', 5),
(224, '05', 'C5', '02', 4),
(224, '06', 'A6', '02', 2),
(224, '06', 'B6', '02', 5),
(224, '06', 'C6', '02', 5),
(224, '06', 'D6', '02', 2),
(225, '01', 'A', '02', 4),
(225, '01', 'B', '02', 1),
(225, '02', 'A2', '02', 4),
(225, '02', 'B2', '02', 4),
(225, '03', 'A3', '02', 4),
(225, '03', 'B3', '02', 5),
(225, '03', 'C3', '02', 2),
(225, '04', 'A4', '02', 3),
(225, '04', 'B4', '02', 4),
(225, '04', 'C4', '02', 3),
(225, '05', 'A5', '02', 4),
(225, '05', 'B5', '02', 4),
(225, '05', 'C5', '02', 3),
(225, '06', 'A6', '02', 4),
(225, '06', 'B6', '02', 4),
(225, '06', 'C6', '02', 5),
(225, '06', 'D6', '02', 1),
(226, '01', 'A', '02', 4),
(226, '01', 'B', '02', 3),
(226, '02', 'A2', '02', 4),
(226, '02', 'B2', '02', 5),
(226, '03', 'A3', '02', 4),
(226, '03', 'B3', '02', 4),
(226, '03', 'C3', '02', 2),
(226, '04', 'A4', '02', 4),
(226, '04', 'B4', '02', 5),
(226, '04', 'C4', '02', 5),
(226, '05', 'A5', '02', 4),
(226, '05', 'B5', '02', 5),
(226, '05', 'C5', '02', 5),
(226, '06', 'A6', '02', 4),
(226, '06', 'B6', '02', 3),
(226, '06', 'C6', '02', 4),
(226, '06', 'D6', '02', 2),
(227, '01', 'A', '02', 5),
(227, '01', 'B', '02', 3),
(227, '02', 'A2', '02', 3),
(227, '02', 'B2', '02', 4),
(227, '03', 'A3', '02', 3),
(227, '03', 'B3', '02', 2),
(227, '03', 'C3', '02', 3),
(227, '04', 'A4', '02', 5),
(227, '04', 'B4', '02', 5),
(227, '04', 'C4', '02', 4),
(227, '05', 'A5', '02', 5),
(227, '05', 'B5', '02', 5),
(227, '05', 'C5', '02', 3),
(227, '06', 'A6', '02', 4),
(227, '06', 'B6', '02', 4),
(227, '06', 'C6', '02', 4),
(227, '06', 'D6', '02', 2),
(228, '01', 'A', '02', 4),
(228, '01', 'B', '02', 4),
(228, '02', 'A2', '02', 4),
(228, '02', 'B2', '02', 5),
(228, '03', 'A3', '02', 4),
(228, '03', 'B3', '02', 4),
(228, '03', 'C3', '02', 4),
(228, '04', 'A4', '02', 3),
(228, '04', 'B4', '02', 4),
(228, '04', 'C4', '02', 4),
(228, '05', 'A5', '02', 4),
(228, '05', 'B5', '02', 4),
(228, '05', 'C5', '02', 4),
(228, '06', 'A6', '02', 3),
(228, '06', 'B6', '02', 5),
(228, '06', 'C6', '02', 5),
(228, '06', 'D6', '02', 1),
(230, '01', 'A', '02', 5),
(230, '01', 'B', '02', 5),
(230, '02', 'A2', '02', 1),
(230, '02', 'B2', '02', 3),
(230, '03', 'A3', '02', 5),
(230, '03', 'B3', '02', 4),
(230, '03', 'C3', '02', 4),
(230, '04', 'A4', '02', 4),
(230, '04', 'B4', '02', 2),
(230, '04', 'C4', '02', 5),
(230, '05', 'A5', '02', 4),
(230, '05', 'B5', '02', 5),
(230, '05', 'C5', '02', 5),
(230, '06', 'A6', '02', 2),
(230, '06', 'B6', '02', 4),
(230, '06', 'C6', '02', 5),
(230, '06', 'D6', '02', 2),
(231, '01', 'A', '03', 5),
(231, '01', 'B', '03', 5),
(231, '05', 'A5', '03', 5),
(231, '05', 'B5', '03', 1),
(231, '05', 'C5', '03', 3),
(231, '06', 'A6', '03', 3),
(231, '06', 'B6', '03', 3),
(231, '06', 'C6', '03', 3),
(231, '06', 'D6', '03', 3),
(231, '07', 'A7', '03', 3),
(231, '07', 'B7', '03', 5),
(231, '07', 'C7', '03', 4),
(232, '01', 'A', '03', 5),
(232, '01', 'B', '03', 4),
(232, '05', 'A5', '03', 4),
(232, '05', 'B5', '03', 4),
(232, '05', 'C5', '03', 2),
(232, '06', 'A6', '03', 3),
(232, '06', 'B6', '03', 3),
(232, '06', 'C6', '03', 3),
(232, '06', 'D6', '03', 2),
(232, '07', 'A7', '03', 2),
(232, '07', 'B7', '03', 5),
(232, '07', 'C7', '03', 4),
(233, '01', 'A', '03', 3),
(233, '01', 'B', '03', 5),
(233, '05', 'A5', '03', 5),
(233, '05', 'B5', '03', 4),
(233, '05', 'C5', '03', 4),
(233, '06', 'A6', '03', 4),
(233, '06', 'B6', '03', 4),
(233, '06', 'C6', '03', 5),
(233, '06', 'D6', '03', 4),
(233, '07', 'A7', '03', 5),
(233, '07', 'B7', '03', 5),
(233, '07', 'C7', '03', 4),
(234, '01', 'A', '03', 3),
(234, '01', 'B', '03', 4),
(234, '05', 'A5', '03', 5),
(234, '05', 'B5', '03', 4),
(234, '05', 'C5', '03', 5),
(234, '06', 'A6', '03', 3),
(234, '06', 'B6', '03', 3),
(234, '06', 'C6', '03', 4),
(234, '06', 'D6', '03', 4),
(234, '07', 'A7', '03', 5),
(234, '07', 'B7', '03', 5),
(234, '07', 'C7', '03', 2),
(235, '01', 'A', '03', 5),
(235, '01', 'B', '03', 5),
(235, '05', 'A5', '03', 3),
(235, '05', 'B5', '03', 1),
(235, '05', 'C5', '03', 2),
(235, '06', 'A6', '03', 4),
(235, '06', 'B6', '03', 3),
(235, '06', 'C6', '03', 4),
(235, '06', 'D6', '03', 4),
(235, '07', 'A7', '03', 3),
(235, '07', 'B7', '03', 4),
(235, '07', 'C7', '03', 3),
(236, '04', 'A4', '04', 5),
(236, '04', 'B4', '04', 3),
(236, '04', 'C4', '04', 5),
(236, '06', 'A6', '04', 4),
(236, '06', 'B6', '04', 5),
(236, '06', 'C6', '04', 4),
(236, '06', 'D6', '04', 4),
(236, '07', 'A7', '04', 5),
(236, '07', 'B7', '04', 5),
(236, '07', 'C7', '04', 1),
(237, '01', 'A', '01', 4),
(237, '01', 'B', '01', 4),
(237, '02', 'A2', '01', 4),
(237, '02', 'B2', '01', 4),
(237, '03', 'A3', '01', 2),
(237, '03', 'B3', '01', 2),
(237, '03', 'C3', '01', 4),
(237, '04', 'A4', '01', 4),
(237, '04', 'B4', '01', 2),
(237, '04', 'C4', '01', 3),
(237, '05', 'A5', '01', 5),
(237, '05', 'B5', '01', 5),
(237, '05', 'C5', '01', 4),
(237, '06', 'A6', '01', 3),
(237, '06', 'B6', '01', 3),
(237, '06', 'C6', '01', 5),
(237, '06', 'D6', '01', 3),
(237, '07', 'A7', '01', 4),
(237, '07', 'B7', '01', 4),
(237, '07', 'C7', '01', 2),
(238, '01', 'A', '03', 4),
(238, '01', 'B', '03', 5),
(238, '05', 'A5', '03', 5),
(238, '05', 'B5', '03', 3),
(238, '05', 'C5', '03', 3),
(238, '06', 'A6', '03', 3),
(238, '06', 'B6', '03', 4),
(238, '06', 'C6', '03', 3),
(238, '06', 'D6', '03', 4),
(238, '07', 'A7', '03', 2),
(238, '07', 'B7', '03', 4),
(238, '07', 'C7', '03', 1),
(239, '01', 'A', '03', 4),
(239, '01', 'B', '03', 2),
(239, '05', 'A5', '03', 5),
(239, '05', 'B5', '03', 5),
(239, '05', 'C5', '03', 5),
(239, '06', 'A6', '03', 4),
(239, '06', 'B6', '03', 5),
(239, '06', 'C6', '03', 4),
(239, '06', 'D6', '03', 5),
(239, '07', 'A7', '03', 5),
(239, '07', 'B7', '03', 3),
(239, '07', 'C7', '03', 3),
(240, '01', 'A', '02', 5),
(240, '01', 'B', '02', 3),
(240, '02', 'A2', '02', 4),
(240, '02', 'B2', '02', 5),
(240, '03', 'A3', '02', 5),
(240, '03', 'B3', '02', 5),
(240, '03', 'C3', '02', 5),
(240, '04', 'A4', '02', 4),
(240, '04', 'B4', '02', 4),
(240, '04', 'C4', '02', 3),
(240, '05', 'A5', '02', 3),
(240, '05', 'B5', '02', 4),
(240, '05', 'C5', '02', 5),
(240, '06', 'A6', '02', 2),
(240, '06', 'B6', '02', 5),
(240, '06', 'C6', '02', 5),
(240, '06', 'D6', '02', 5),
(241, '01', 'A', '02', 5),
(241, '01', 'B', '02', 4),
(241, '02', 'A2', '02', 4),
(241, '02', 'B2', '02', 5),
(241, '03', 'A3', '02', 4),
(241, '03', 'B3', '02', 4),
(241, '03', 'C3', '02', 4),
(241, '04', 'A4', '02', 4),
(241, '04', 'B4', '02', 5),
(241, '04', 'C4', '02', 5),
(241, '05', 'A5', '02', 4),
(241, '05', 'B5', '02', 4),
(241, '05', 'C5', '02', 4),
(241, '06', 'A6', '02', 3),
(241, '06', 'B6', '02', 5),
(241, '06', 'C6', '02', 5),
(241, '06', 'D6', '02', 3),
(242, '01', 'A', '03', 5),
(242, '01', 'B', '03', 3),
(242, '05', 'A5', '03', 4),
(242, '05', 'B5', '03', 3),
(242, '05', 'C5', '03', 3),
(242, '06', 'A6', '03', 4),
(242, '06', 'B6', '03', 4),
(242, '06', 'C6', '03', 3),
(242, '06', 'D6', '03', 5),
(242, '07', 'A7', '03', 5),
(242, '07', 'B7', '03', 3),
(242, '07', 'C7', '03', 1),
(243, '01', 'A', '01', 4),
(243, '01', 'B', '01', 5),
(243, '02', 'A2', '01', 4),
(243, '02', 'B2', '01', 2),
(243, '03', 'A3', '01', 4),
(243, '03', 'B3', '01', 5),
(243, '03', 'C3', '01', 4),
(243, '04', 'A4', '01', 4),
(243, '04', 'B4', '01', 5),
(243, '04', 'C4', '01', 3),
(243, '05', 'A5', '01', 3),
(243, '05', 'B5', '01', 5),
(243, '05', 'C5', '01', 5),
(243, '06', 'A6', '01', 4),
(243, '06', 'B6', '01', 4),
(243, '06', 'C6', '01', 4),
(243, '06', 'D6', '01', 4),
(243, '07', 'A7', '01', 4),
(243, '07', 'B7', '01', 4),
(243, '07', 'C7', '01', 4),
(244, '01', 'A', '01', 4),
(244, '01', 'B', '01', 5),
(244, '02', 'A2', '01', 5),
(244, '02', 'B2', '01', 4),
(244, '03', 'A3', '01', 4),
(244, '03', 'B3', '01', 4),
(244, '03', 'C3', '01', 4),
(244, '04', 'A4', '01', 4),
(244, '04', 'B4', '01', 5),
(244, '04', 'C4', '01', 4),
(244, '05', 'A5', '01', 4),
(244, '05', 'B5', '01', 5),
(244, '05', 'C5', '01', 3),
(244, '06', 'A6', '01', 4),
(244, '06', 'B6', '01', 4),
(244, '06', 'C6', '01', 2),
(244, '06', 'D6', '01', 4),
(244, '07', 'A7', '01', 5),
(244, '07', 'B7', '01', 4),
(244, '07', 'C7', '01', 4),
(246, '01', 'A', '03', 4),
(246, '01', 'B', '03', 5),
(246, '05', 'A5', '03', 2),
(246, '05', 'B5', '03', 5),
(246, '05', 'C5', '03', 4),
(246, '06', 'A6', '03', 5),
(246, '06', 'B6', '03', 3),
(246, '06', 'C6', '03', 5),
(246, '06', 'D6', '03', 4),
(246, '07', 'A7', '03', 4),
(246, '07', 'B7', '03', 3),
(246, '07', 'C7', '03', 5),
(247, '01', 'A', '03', 4),
(247, '01', 'B', '03', 5),
(247, '05', 'A5', '03', 4),
(247, '05', 'B5', '03', 4),
(247, '05', 'C5', '03', 5),
(247, '06', 'A6', '03', 2),
(247, '06', 'B6', '03', 5),
(247, '06', 'C6', '03', 5),
(247, '06', 'D6', '03', 3),
(247, '07', 'A7', '03', 5),
(247, '07', 'B7', '03', 5),
(247, '07', 'C7', '03', 1),
(248, '01', 'A', '03', 3),
(248, '01', 'B', '03', 5),
(248, '05', 'A5', '03', 3),
(248, '05', 'B5', '03', 5),
(248, '05', 'C5', '03', 4),
(248, '06', 'A6', '03', 4),
(248, '06', 'B6', '03', 3),
(248, '06', 'C6', '03', 5),
(248, '06', 'D6', '03', 5),
(248, '07', 'A7', '03', 5),
(248, '07', 'B7', '03', 5),
(248, '07', 'C7', '03', 1),
(249, '01', 'A', '03', 3),
(249, '01', 'B', '03', 5),
(249, '05', 'A5', '03', 4),
(249, '05', 'B5', '03', 3),
(249, '05', 'C5', '03', 5),
(249, '06', 'A6', '03', 3),
(249, '06', 'B6', '03', 5),
(249, '06', 'C6', '03', 4),
(249, '06', 'D6', '03', 5),
(249, '07', 'A7', '03', 5),
(249, '07', 'B7', '03', 3),
(249, '07', 'C7', '03', 5),
(250, '01', 'A', '03', 5),
(250, '01', 'B', '03', 4),
(250, '05', 'A5', '03', 4),
(250, '05', 'B5', '03', 3),
(250, '05', 'C5', '03', 4),
(250, '06', 'A6', '03', 2),
(250, '06', 'B6', '03', 5),
(250, '06', 'C6', '03', 4),
(250, '06', 'D6', '03', 5),
(250, '07', 'A7', '03', 5),
(250, '07', 'B7', '03', 4),
(250, '07', 'C7', '03', 1),
(252, '01', 'A', '03', 3),
(252, '01', 'B', '03', 3),
(252, '05', 'A5', '03', 4),
(252, '05', 'B5', '03', 5),
(252, '05', 'C5', '03', 3),
(252, '06', 'A6', '03', 4),
(252, '06', 'B6', '03', 4),
(252, '06', 'C6', '03', 2),
(252, '06', 'D6', '03', 4),
(252, '07', 'A7', '03', 4),
(252, '07', 'B7', '03', 1),
(252, '07', 'C7', '03', 3),
(254, '04', 'A4', '04', 5),
(254, '04', 'B4', '04', 3),
(254, '04', 'C4', '04', 4),
(254, '06', 'A6', '04', 4),
(254, '06', 'B6', '04', 5),
(254, '06', 'C6', '04', 2),
(254, '06', 'D6', '04', 5),
(254, '07', 'A7', '04', 5),
(254, '07', 'B7', '04', 4),
(254, '07', 'C7', '04', 1),
(255, '04', 'A4', '04', 4),
(255, '04', 'B4', '04', 5),
(255, '04', 'C4', '04', 3),
(255, '06', 'A6', '04', 5),
(255, '06', 'B6', '04', 2),
(255, '06', 'C6', '04', 5),
(255, '06', 'D6', '04', 5),
(255, '07', 'A7', '04', 5),
(255, '07', 'B7', '04', 2),
(255, '07', 'C7', '04', 5),
(256, '04', 'A4', '04', 5),
(256, '04', 'B4', '04', 4),
(256, '04', 'C4', '04', 4),
(256, '06', 'A6', '04', 4),
(256, '06', 'B6', '04', 5),
(256, '06', 'C6', '04', 2),
(256, '06', 'D6', '04', 3),
(256, '07', 'A7', '04', 5),
(256, '07', 'B7', '04', 3),
(256, '07', 'C7', '04', 2),
(257, '04', 'A4', '04', 4),
(257, '04', 'B4', '04', 3),
(257, '04', 'C4', '04', 5),
(257, '06', 'A6', '04', 3),
(257, '06', 'B6', '04', 3),
(257, '06', 'C6', '04', 2),
(257, '06', 'D6', '04', 4),
(257, '07', 'A7', '04', 5),
(257, '07', 'B7', '04', 3),
(257, '07', 'C7', '04', 2),
(258, '04', 'A4', '04', 2),
(258, '04', 'B4', '04', 4),
(258, '04', 'C4', '04', 3),
(258, '06', 'A6', '04', 4),
(258, '06', 'B6', '04', 5),
(258, '06', 'C6', '04', 4),
(258, '06', 'D6', '04', 4),
(258, '07', 'A7', '04', 2),
(258, '07', 'B7', '04', 3),
(258, '07', 'C7', '04', 5),
(260, '04', 'A4', '04', 5),
(260, '04', 'B4', '04', 4),
(260, '04', 'C4', '04', 3),
(260, '06', 'A6', '04', 3),
(260, '06', 'B6', '04', 2),
(260, '06', 'C6', '04', 3),
(260, '06', 'D6', '04', 4),
(260, '07', 'A7', '04', 5),
(260, '07', 'B7', '04', 4),
(260, '07', 'C7', '04', 2),
(261, '04', 'A4', '04', 4),
(261, '04', 'B4', '04', 4),
(261, '04', 'C4', '04', 1);
INSERT INTO `detail_nilai` (`kdnilai`, `kdkri`, `kdsub`, `kdpenilai`, `nilai`) VALUES
(261, '06', 'A6', '04', 4),
(261, '06', 'B6', '04', 3),
(261, '06', 'C6', '04', 5),
(261, '06', 'D6', '04', 3),
(261, '07', 'A7', '04', 4),
(261, '07', 'B7', '04', 3),
(261, '07', 'C7', '04', 2),
(263, '01', 'A', '02', 4),
(263, '01', 'B', '02', 3),
(263, '02', 'A2', '02', 5),
(263, '02', 'B2', '02', 2),
(263, '03', 'A3', '02', 4),
(263, '03', 'B3', '02', 5),
(263, '03', 'C3', '02', 5),
(263, '04', 'A4', '02', 3),
(263, '04', 'B4', '02', 3),
(263, '04', 'C4', '02', 4),
(263, '05', 'A5', '02', 5),
(263, '05', 'B5', '02', 5),
(263, '05', 'C5', '02', 1),
(263, '06', 'A6', '02', 2),
(263, '06', 'B6', '02', 4),
(263, '06', 'C6', '02', 5),
(263, '06', 'D6', '02', 3),
(264, '01', 'A', '02', 3),
(264, '01', 'B', '02', 4),
(264, '02', 'A2', '02', 5),
(264, '02', 'B2', '02', 5),
(264, '03', 'A3', '02', 3),
(264, '03', 'B3', '02', 2),
(264, '03', 'C3', '02', 4),
(264, '04', 'A4', '02', 4),
(264, '04', 'B4', '02', 5),
(264, '04', 'C4', '02', 4),
(264, '05', 'A5', '02', 3),
(264, '05', 'B5', '02', 2),
(264, '05', 'C5', '02', 4),
(264, '06', 'A6', '02', 5),
(264, '06', 'B6', '02', 3),
(264, '06', 'C6', '02', 4),
(264, '06', 'D6', '02', 2),
(265, '01', 'A', '02', 3),
(265, '01', 'B', '02', 5),
(265, '02', 'A2', '02', 4),
(265, '02', 'B2', '02', 2),
(265, '03', 'A3', '02', 5),
(265, '03', 'B3', '02', 3),
(265, '03', 'C3', '02', 4),
(265, '04', 'A4', '02', 3),
(265, '04', 'B4', '02', 4),
(265, '04', 'C4', '02', 4),
(265, '05', 'A5', '02', 4),
(265, '05', 'B5', '02', 3),
(265, '05', 'C5', '02', 4),
(265, '06', 'A6', '02', 5),
(265, '06', 'B6', '02', 5),
(265, '06', 'C6', '02', 5),
(265, '06', 'D6', '02', 1),
(266, '01', 'A', '02', 4),
(266, '01', 'B', '02', 5),
(266, '02', 'A2', '02', 3),
(266, '02', 'B2', '02', 4),
(266, '03', 'A3', '02', 5),
(266, '03', 'B3', '02', 5),
(266, '03', 'C3', '02', 3),
(266, '04', 'A4', '02', 4),
(266, '04', 'B4', '02', 5),
(266, '04', 'C4', '02', 3),
(266, '05', 'A5', '02', 5),
(266, '05', 'B5', '02', 5),
(266, '05', 'C5', '02', 3),
(266, '06', 'A6', '02', 5),
(266, '06', 'B6', '02', 5),
(266, '06', 'C6', '02', 4),
(266, '06', 'D6', '02', 1),
(268, '01', 'A', '02', 5),
(268, '01', 'B', '02', 2),
(268, '02', 'A2', '02', 4),
(268, '02', 'B2', '02', 3),
(268, '03', 'A3', '02', 2),
(268, '03', 'B3', '02', 3),
(268, '03', 'C3', '02', 4),
(268, '04', 'A4', '02', 5),
(268, '04', 'B4', '02', 4),
(268, '04', 'C4', '02', 2),
(268, '05', 'A5', '02', 4),
(268, '05', 'B5', '02', 3),
(268, '05', 'C5', '02', 3),
(268, '06', 'A6', '02', 3),
(268, '06', 'B6', '02', 3),
(268, '06', 'C6', '02', 5),
(268, '06', 'D6', '02', 4),
(269, '01', 'A', '02', 4),
(269, '01', 'B', '02', 3),
(269, '02', 'A2', '02', 4),
(269, '02', 'B2', '02', 3),
(269, '03', 'A3', '02', 3),
(269, '03', 'B3', '02', 5),
(269, '03', 'C3', '02', 4),
(269, '04', 'A4', '02', 1),
(269, '04', 'B4', '02', 4),
(269, '04', 'C4', '02', 4),
(269, '05', 'A5', '02', 5),
(269, '05', 'B5', '02', 3),
(269, '05', 'C5', '02', 4),
(269, '06', 'A6', '02', 3),
(269, '06', 'B6', '02', 5),
(269, '06', 'C6', '02', 3),
(269, '06', 'D6', '02', 3),
(270, '01', 'A', '01', 5),
(270, '01', 'B', '01', 4),
(270, '02', 'A2', '01', 4),
(270, '02', 'B2', '01', 3),
(270, '03', 'A3', '01', 4),
(270, '03', 'B3', '01', 4),
(270, '03', 'C3', '01', 4),
(270, '04', 'A4', '01', 2),
(270, '04', 'B4', '01', 2),
(270, '04', 'C4', '01', 4),
(270, '05', 'A5', '01', 4),
(270, '05', 'B5', '01', 4),
(270, '05', 'C5', '01', 5),
(270, '06', 'A6', '01', 4),
(270, '06', 'B6', '01', 4),
(270, '06', 'C6', '01', 3),
(270, '06', 'D6', '01', 2),
(270, '07', 'A7', '01', 2),
(270, '07', 'B7', '01', 5),
(270, '07', 'C7', '01', 4),
(271, '01', 'A', '02', 5),
(271, '01', 'B', '02', 4),
(271, '02', 'A2', '02', 3),
(271, '02', 'B2', '02', 5),
(271, '03', 'A3', '02', 4),
(271, '03', 'B3', '02', 3),
(271, '03', 'C3', '02', 5),
(271, '04', 'A4', '02', 5),
(271, '04', 'B4', '02', 4),
(271, '04', 'C4', '02', 5),
(271, '05', 'A5', '02', 4),
(271, '05', 'B5', '02', 5),
(271, '05', 'C5', '02', 2),
(271, '06', 'A6', '02', 5),
(271, '06', 'B6', '02', 4),
(271, '06', 'C6', '02', 5),
(271, '06', 'D6', '02', 3),
(272, '01', 'A', '03', 4),
(272, '01', 'B', '03', 4),
(272, '05', 'A5', '03', 5),
(272, '05', 'B5', '03', 3),
(272, '05', 'C5', '03', 5),
(272, '06', 'A6', '03', 4),
(272, '06', 'B6', '03', 4),
(272, '06', 'C6', '03', 4),
(272, '06', 'D6', '03', 3),
(272, '07', 'A7', '03', 5),
(272, '07', 'B7', '03', 2),
(272, '07', 'C7', '03', 5),
(273, '01', 'A', '01', 5),
(273, '01', 'B', '01', 4),
(273, '02', 'A2', '01', 2),
(273, '02', 'B2', '01', 3),
(273, '03', 'A3', '01', 3),
(273, '03', 'B3', '01', 3),
(273, '03', 'C3', '01', 4),
(273, '04', 'A4', '01', 5),
(273, '04', 'B4', '01', 4),
(273, '04', 'C4', '01', 4),
(273, '05', 'A5', '01', 4),
(273, '05', 'B5', '01', 5),
(273, '05', 'C5', '01', 4),
(273, '06', 'A6', '01', 5),
(273, '06', 'B6', '01', 4),
(273, '06', 'C6', '01', 5),
(273, '06', 'D6', '01', 4),
(273, '07', 'A7', '01', 4),
(273, '07', 'B7', '01', 4),
(273, '07', 'C7', '01', 5);

-- --------------------------------------------------------

--
-- Table structure for table `master_bagian`
--

CREATE TABLE `master_bagian` (
  `kdbag` varchar(50) NOT NULL,
  `nambag` varchar(50) NOT NULL
) ENGINE=InnoDB DEFAULT CHARSET=latin1;

--
-- Dumping data for table `master_bagian`
--

INSERT INTO `master_bagian` (`kdbag`, `nambag`) VALUES
('01', 'Direktur'),
('02', 'Keuangan'),
('03', 'Administrasi Keuangan Pajak'),
('04', 'Marketing'),
('05', 'Penagihan/expedisi'),
('06', 'Expedisi Barang'),
('07', 'Administrasi Umum'),
('08', 'Administrasi Gudang'),
('09', 'Teknisi'),
('10', 'Magang');

-- --------------------------------------------------------

--
-- Table structure for table `master_bobot`
--

CREATE TABLE `master_bobot` (
  `kdbobot` varchar(20) NOT NULL,
  `kdkri` varchar(20) NOT NULL,
  `kdpenilai` varchar(20) NOT NULL,
  `bobot` double NOT NULL
) ENGINE=InnoDB DEFAULT CHARSET=latin1;

--
-- Dumping data for table `master_bobot`
--

INSERT INTO `master_bobot` (`kdbobot`, `kdkri`, `kdpenilai`, `bobot`) VALUES
('01', '01', '01', 8),
('02', '01', '02', 6),
('03', '01', '03', 6),
('04', '02', '01', 10),
('05', '02', '02', 10),
('06', '03', '01', 5),
('07', '03', '02', 5),
('08', '04', '01', 5),
('09', '04', '02', 5),
('10', '04', '04', 5),
('11', '05', '01', 5),
('12', '05', '02', 5),
('13', '05', '03', 5),
('14', '06', '01', 3),
('15', '06', '02', 3),
('16', '06', '03', 2),
('17', '06', '04', 2),
('18', '07', '01', 4),
('19', '07', '04', 2),
('20', '07', '03', 4);

-- --------------------------------------------------------

--
-- Table structure for table `master_checkclock`
--

CREATE TABLE `master_checkclock` (
  `id_waktu` varchar(20) NOT NULL,
  `absen_masuk` time NOT NULL,
  `absen_keluar` time NOT NULL
) ENGINE=InnoDB DEFAULT CHARSET=latin1;

--
-- Dumping data for table `master_checkclock`
--

INSERT INTO `master_checkclock` (`id_waktu`, `absen_masuk`, `absen_keluar`) VALUES
('Kerja', '08:30:00', '16:30:00');

-- --------------------------------------------------------

--
-- Table structure for table `master_jabatan`
--

CREATE TABLE `master_jabatan` (
  `kdjab` varchar(20) NOT NULL,
  `namjab` varchar(50) NOT NULL,
  `akses` varchar(20) NOT NULL
) ENGINE=InnoDB DEFAULT CHARSET=latin1;

--
-- Dumping data for table `master_jabatan`
--

INSERT INTO `master_jabatan` (`kdjab`, `namjab`, `akses`) VALUES
('01', 'Direktur', 'Manajer'),
('02', 'Manajer', 'Manajer'),
('03', 'Kepala Gudang', 'Administrasi'),
('04', 'Kepala Administrasi', 'Administrasi'),
('05', 'Magang', 'Pegawai'),
('6', 'Kepala Marketing', 'Administrasi'),
('7', 'Pegawai', 'Pegawai');

-- --------------------------------------------------------

--
-- Table structure for table `master_kalender`
--

CREATE TABLE `master_kalender` (
  `tgl` varchar(10) NOT NULL,
  `keterangan` varchar(50) NOT NULL,
  `sts` varchar(50) NOT NULL
) ENGINE=InnoDB DEFAULT CHARSET=latin1;

--
-- Dumping data for table `master_kalender`
--

INSERT INTO `master_kalender` (`tgl`, `keterangan`, `sts`) VALUES
('*-01-01', 'Tahun Baru', 'Libur Hari Besar'),
('*-05-01', 'Hari Buruh', 'Libur Hari Besar'),
('*-08-17', 'Kemerdekaan Indonesia', 'Libur Hari Besar'),
('2019-02-05', 'Imlek', 'Libur Hari Besar'),
('2019-03-03', 'Isra Miraj Nabi Muhammad', 'Libur Hari Besar'),
('2019-03-07', 'Hari Raya Nyepi (Tahun Baru Saka)', 'Libur Hari Besar'),
('2019-03-19', 'Wafat Isa Almasih', 'Libur Hari Besar'),
('2019-05-19', 'Hari Raya Waisak', 'Libur Hari Besar'),
('2019-05-30', 'Kenaikan Yesus Kristus', 'Libur Hari Besar'),
('2019-06-01', 'Hari Lahir Pancasila', 'Libur Hari Besar'),
('2019-06-05', 'Idul Fitri (lebaran Mudik)', 'Libur Hari Besar'),
('2019-06-06', 'Idul Fitri (lebaran Mudik)', 'Libur Hari Besar'),
('2019-08-11', 'Idul Adha (lebaran Haji)', 'Libur Hari Besar'),
('2019-09-01', 'Satu Muharam/tahun Baru Hijriyah', 'Libur Hari Besar'),
('2019-11-09', 'Maulid Nabi Muhammad', 'Libur Hari Besar'),
('2019-12-25', 'Hari Natal', 'Libur Hari Besar');

-- --------------------------------------------------------

--
-- Table structure for table `master_karyawan`
--

CREATE TABLE `master_karyawan` (
  `NIK` varchar(11) NOT NULL,
  `Nama_Lengkap` varchar(100) NOT NULL,
  `Password` varchar(8) NOT NULL,
  `Alamat` varchar(100) NOT NULL,
  `Telp` varchar(25) NOT NULL,
  `Jenis_Kelamin` varchar(12) NOT NULL,
  `Tgl_Lahir` date NOT NULL,
  `Bagian` varchar(50) NOT NULL,
  `Jabatan` varchar(50) NOT NULL,
  `NIKatasan` varchar(11) NOT NULL,
  `foto` varchar(100) NOT NULL
) ENGINE=InnoDB DEFAULT CHARSET=latin1;

--
-- Dumping data for table `master_karyawan`
--

INSERT INTO `master_karyawan` (`NIK`, `Nama_Lengkap`, `Password`, `Alamat`, `Telp`, `Jenis_Kelamin`, `Tgl_Lahir`, `Bagian`, `Jabatan`, `NIKatasan`, `foto`) VALUES
('01.1', 'M. Taufik Krisdianto', '123456', '.......', '1234567891011', 'Laki-Laki', '2019-02-14', 'Direktur', 'Direktur', '01.1', 'foto/18072020102417_09072020143855_25062020154839_19022019153804_1550561835548750.jpg'),
('02.1', 'Aslicha', '123456', '.....', '00000000000', 'Perempuan', '1970-07-08', 'Keuangan', 'Manajer', '01.1', 'foto/19022019114817_15.2_11022019_120549.jpg'),
('02.2', 'Zidanial Badry', '654321', 'Pondok Jati', '08799966644455', 'Laki-Laki', '2020-06-30', 'Keuangan', 'Magang', '02.1', 'foto/30062020085633_19022019153804_1550561835548750.jpg'),
('04.1', 'Gede Nugraha', '123456', '......', '00000000000', 'Laki-Laki', '2019-02-14', 'Marketing', 'Kepala Marketing', '01.1', 'foto/13072020053717_25062020172431_14022019140018_dummy.jpg'),
('05.1', 'Farid Pradana', '123456', '.......', '00000000000', 'Laki-Laki', '2019-02-14', 'Bag. Penagihan/Expedisi', 'Pegawai', '01.1', 'foto/14022019091629_dummy.jpg'),
('07.1', 'Nursyifa Wanti', '123456', '......', '00000000000', 'Perempuan', '2019-02-14', 'Administrasi Umum', 'Kepala Administrasi', '02.1', 'foto/13072020053746_30062020084837_14022019090429_dummy.jpg'),
('08.1', 'Ella Ramadhanti', '123456', '.......', '00000000000', 'Perempuan', '2019-02-14', 'Administrasi Gudang', 'Kepala Administrasi', '01.1', 'foto/14022019091515_dummy.jpg'),
('09.1', 'Afifudin Muhammad', '123456', '......', '00000000000', 'Laki-Laki', '2019-02-14', 'Teknisi', 'Pegawai', '02.1', 'foto/18022019162255_double.jpg'),
('09.2', 'Achmad Arief', '123456', 'pondok jati', '08799966644455', 'Laki-Laki', '2020-06-30', 'Teknisi', 'Magang', '02.1', 'foto/30062020084931_19022019144840_fotoOspek2x3.jpg');

-- --------------------------------------------------------

--
-- Table structure for table `master_kriteria`
--

CREATE TABLE `master_kriteria` (
  `kdkri` varchar(20) NOT NULL,
  `namkri` varchar(50) NOT NULL,
  `ketkri` text NOT NULL,
  `botkri` double NOT NULL,
  `status` int(1) NOT NULL
) ENGINE=InnoDB DEFAULT CHARSET=latin1;

--
-- Dumping data for table `master_kriteria`
--

INSERT INTO `master_kriteria` (`kdkri`, `namkri`, `ketkri`, `botkri`, `status`) VALUES
('01', 'Kinerja Dan Produktifitas', 'Menjelaskan mengenai kinerja utama dan produktifitas karyawan dalam pekerjaan', 20, 1),
('02', 'Kedisiplinan', 'Mengukur tingkat kedisiplinan karyawan dalam melakukan pekerjaan', 20, 1),
('03', 'Kemampuan Fungsi Teknik', 'Mengukur kemampuan karyawan dalam melakukan fungsi pekerjaannya', 10, 1),
('04', 'Etika Profesionalisme', 'Mengukur profesionalisme karyawan dalam melakukan pekerjaan', 15, 1),
('05', 'Komitmen', 'Mengukur komitmen karyawan dalam melakukan pekerjaannya', 15, 1),
('06', 'Kemampuan Berkomunikasi', 'Kecakapan karyawan dalam menghadapi rekan kerja atau customer', 10, 1),
('07', 'Kualitas Dan Fokus Pelanggan', 'Mengukur kualitas karyawan dalam menangani dan melayani customer tertentu', 10, 1);

-- --------------------------------------------------------

--
-- Table structure for table `master_penilai`
--

CREATE TABLE `master_penilai` (
  `kdpenilai` varchar(20) NOT NULL,
  `rolepenilai` varchar(50) NOT NULL,
  `ketrole` varchar(100) NOT NULL
) ENGINE=InnoDB DEFAULT CHARSET=latin1;

--
-- Dumping data for table `master_penilai`
--

INSERT INTO `master_penilai` (`kdpenilai`, `rolepenilai`, `ketrole`) VALUES
('01', 'Penilai 1 (M)', 'Penilai utama (manajer)'),
('02', 'Penilai 2 (R)', 'Penilai dari rekan kerja'),
('03', 'Penilai 3 (S)', 'Penilai merupakan atasan atau bawahan'),
('04', 'Penilai 4 (C)', 'Penilai dari eksternal, merupakan customer atau rekan kerja lain atau kepala bagian lain'),
('05', 'Penilai 1', 'Penilai utama');

-- --------------------------------------------------------

--
-- Table structure for table `master_rating`
--

CREATE TABLE `master_rating` (
  `kdrating` int(20) NOT NULL,
  `rating` varchar(20) NOT NULL,
  `ketrating` text NOT NULL
) ENGINE=InnoDB DEFAULT CHARSET=latin1;

--
-- Dumping data for table `master_rating`
--

INSERT INTO `master_rating` (`kdrating`, `rating`, `ketrating`) VALUES
(1, '5', 'Sangat Baik'),
(2, '4', 'Baik'),
(3, '3', 'Standar'),
(4, '2', 'Kurang'),
(5, '1', 'Sangat Kurang');

-- --------------------------------------------------------

--
-- Table structure for table `master_subkriteria`
--

CREATE TABLE `master_subkriteria` (
  `kdkri` varchar(20) NOT NULL,
  `kdsub` varchar(20) NOT NULL,
  `namsub` varchar(100) NOT NULL,
  `ketsub` text NOT NULL,
  `status` int(1) NOT NULL
) ENGINE=InnoDB DEFAULT CHARSET=latin1;

--
-- Dumping data for table `master_subkriteria`
--

INSERT INTO `master_subkriteria` (`kdkri`, `kdsub`, `namsub`, `ketsub`, `status`) VALUES
('01', 'A', 'Menghasilkan Kinerja Yang Diharapkan Sesuai Dengan Harapan Kerja (target Kerjanya)', 'Menghasilkan kinerja yang diharapkan sesuai dengan harapan kerja (target kerjanya)', 1),
('01', 'B', 'Dengan Efektifitas Diri Yang Tinggi Dan Bisa Mendorong Kinerja Organisasi', 'Efektifitas karyawan dalam mendorong kinerja organisasi', 1),
('02', 'A2', 'Ketepatan Waktu', 'Ketepatan waktu karyawan dalam melakukan pekerjaan dan mengisi shift', 1),
('02', 'B2', 'Kehadiran Karyawan', 'Karyawan dalam memenuhi kehadirannya', 1),
('03', 'A3', 'Memiliki Pengetahuan, Keahlian Dan Pengalaman Untuk Mengerjakan Pekerjaan Dengan Efektif.', 'Memiliki pengetahuan, keahlian dan pengalaman untuk mengerjakan pekerjaan dengan efektif.', 1),
('03', 'B3', 'Dapat Menjalankan Fungsi/tugas-tugas/proses-proses Dengan Baik Dan Efektif.', 'Dapat menjalankan fungsi/tugas-tugas/proses-proses dengan baik dan efektif.', 1),
('04', 'A4', 'Memiliki Kejujuran Dan Loyalitas.', 'Memiliki kejujuran dan loyalitas.', 1),
('04', 'B4', 'Mengerti Kode Etik Perusahaan Dan Bisa Menerapkan Etika Standar Terbaik.', 'Mengerti kode etik perusahaan dan bisa menerapkan etika standar terbaik.', 1),
('03', 'C3', 'Dapat Mengerjakan Tugas-tugas/pekerjaan Secara Independen Tanpa Bantuan.', 'Dapat mengerjakan tugas-tugas/pekerjaan secara independen tanpa bantuan.', 1),
('04', 'C4', 'Menempatkan Kepentingan Perusahaan Diatas Kepentingan Pribadi.', 'Menempatkan kepentingan perusahaan diatas kepentingan pribadi.', 1),
('05', 'A5', 'Menunjukkan Perilaku Positif Terhadap Pekerjaan, Rekan Kerja, Atasan Dan Perusahaan.', 'Menunjukkan perilaku positif terhadap pekerjaan, rekan kerja, atasan dan perusahaan.', 1),
('05', 'B5', 'Selalu Berusaha Untuk Bekerja Keras Dan Mempunyai Rasa Memiliki Tempat Kerjanya.', 'Selalu berusaha untuk bekerja keras dan mempunyai rasa memiliki tempat kerjanya.', 1),
('05', 'C5', 'Menyampaikan Yang Dijanjikan Kepada Atasan, Klien (internal & Eksternal)/lainnya.', 'Menyampaikan yang dijanjikan kepada atasan, klien (internal & eksternal)/lainnya.', 1),
('06', 'A6', 'Bisa Menyampaikan & Menjelaskan Ide Secara Jelas, Sederhana, Fokus Dan Efisien.', 'Bisa menyampaikan & menjelaskan ide secara jelas, sederhana, fokus dan efisien.', 1),
('06', 'B6', 'Bisa Berbicara Dengan Efektif.', 'Bisa berbicara dengan efektif.', 1),
('06', 'C6', 'Membangun Kepercayaan Dgn Membuka Komunikasi Dua Arah/komunikasi Terbuka Dgn Lainnya.', 'Membangun kepercayaan dgn membuka komunikasi dua arah/komunikasi terbuka dgn lainnya.', 1),
('06', 'D6', 'Dapat Meyakinkan Orang Lain Dengan Komunikasi Lisan Dan Tertulis.', 'Dapat meyakinkan orang lain dengan komunikasi lisan dan tertulis.', 1),
('07', 'A7', 'Memahami Dan Mengidentifikasi Siapa Pelanggan Internal / Pelanggan Eksternalnya.', 'Memahami dan mengidentifikasi siapa pelanggan internal / pelanggan eksternalnya.', 1),
('07', 'B7', 'Melakukan Hal Yang Benar Untuk Memenuhi Kebutuhan Dan Harapan Klien.', 'Melakukan hal yang benar untuk memenuhi kebutuhan dan harapan klien.', 1),
('07', 'C7', 'Melayani Pelanggan Dengan Pro Aktif Menanggapi Kebutuhan Dan Permintaan Klien.', 'Melayani pelanggan dengan pro aktif menanggapi kebutuhan dan permintaan klien.', 1);

-- --------------------------------------------------------

--
-- Table structure for table `transaksi_penilaian`
--

CREATE TABLE `transaksi_penilaian` (
  `kdnilai` int(20) NOT NULL,
  `nik` varchar(11) NOT NULL,
  `periode` varchar(20) NOT NULL,
  `kdpenilai` varchar(20) NOT NULL,
  `tglnilai` date NOT NULL,
  `nikpenilai` varchar(11) NOT NULL,
  `status` varchar(1) NOT NULL,
  `totalnilai` double NOT NULL
) ENGINE=InnoDB DEFAULT CHARSET=latin1;

--
-- Dumping data for table `transaksi_penilaian`
--

INSERT INTO `transaksi_penilaian` (`kdnilai`, `nik`, `periode`, `kdpenilai`, `tglnilai`, `nikpenilai`, `status`, `totalnilai`) VALUES
(1, '02.1', '2020-04', '01', '2020-07-10', '01.1', '1', 3.081),
(2, '02.2', '2020-04', '01', '2020-07-10', '01.1', '1', 3.509),
(4, '02.1', '2020-04', '02', '2020-07-10', '02.2', '1', 3.081),
(5, '02.2', '2020-04', '02', '2020-07-10', '02.2', '1', 3.509),
(7, '02.1', '2020-04', '03', '2020-07-10', '08.1', '1', 3.081),
(8, '02.2', '2020-04', '03', '2020-07-10', '08.1', '1', 3.509),
(10, '02.1', '2020-04', '04', '2020-07-10', 'Customer', '1', 3.081),
(11, '02.2', '2020-04', '04', '2020-07-10', 'Customer', '1', 3.509),
(13, '02.1', '2019-09', '04', '2020-07-18', '01.1', '', 0),
(14, '07.1', '2020-05', '01', '2020-07-18', '01.1', '1', 3.513),
(15, '07.1', '2020-05', '02', '2020-07-18', '02.2', '1', 3.513),
(16, '07.1', '2020-05', '03', '2020-07-18', '05.1', '1', 3.513),
(17, '07.1', '2020-05', '04', '2020-07-18', 'Customer', '1', 3.513),
(18, '02.1', '2019-09', '03', '2020-08-03', '02.2', '', 0),
(19, '02.1', '2020-05', '01', '2020-08-03', '01.1', '1', 4.02),
(20, '02.1', '2020-05', '04', '2020-08-03', '02.2', '1', 4.02),
(21, '02.1', '2020-05', '02', '2020-08-03', '04.1', '1', 4.02),
(22, '02.1', '2020-05', '03', '2020-08-03', '05.1', '1', 4.02),
(23, '01.1', '2020-05', '01', '2020-08-03', '02.1', '1', 3.862),
(25, '01.1', '2020-05', '03', '2020-08-03', '02.2', '1', 3.862),
(26, '01.1', '2020-04', '03', '2020-08-03', '02.2', '1', 4.003),
(27, '01.1', '2020-05', '02', '2020-08-03', '04.1', '1', 3.862),
(28, '01.1', '2020-05', '04', '2020-08-03', '05.1', '1', 3.862),
(29, '01.1', '2020-01', '01', '2020-08-03', '02.1', '1', 4.011),
(30, '01.1', '2020-02', '01', '2020-08-03', '02.1', '1', 4.054),
(31, '01.1', '2020-03', '01', '2020-08-03', '02.1', '1', 3.984),
(32, '01.1', '2019-07', '01', '2020-08-03', '02.1', '', 0),
(33, '01.1', '2019-08', '01', '2020-08-03', '02.1', '', 0),
(34, '01.1', '2019-06', '01', '2020-08-03', '02.1', '', 0),
(35, '02.2', '2020-01', '01', '2020-08-03', '02.1', '1', 4.011),
(36, '02.2', '2020-02', '01', '2020-08-03', '02.1', '1', 3.891),
(37, '02.2', '2020-03', '01', '2020-08-03', '02.1', '1', 3.817),
(38, '02.2', '2019-07', '01', '2020-08-03', '02.1', '', 0),
(39, '04.1', '2020-01', '01', '2020-08-03', '02.1', '1', 3.786),
(40, '05.1', '2020-01', '01', '2020-08-03', '02.1', '1', 3.766),
(41, '07.1', '2020-01', '01', '2020-08-03', '02.1', '1', 4.043),
(42, '08.1', '2020-01', '01', '2020-08-03', '02.1', '1', 3.913),
(43, '09.1', '2020-01', '01', '2020-08-03', '02.1', '1', 3.638),
(44, '09.2', '2020-01', '01', '2020-08-03', '02.1', '1', 3.87),
(45, '04.1', '2020-02', '01', '2020-08-03', '02.1', '1', 4.108),
(46, '05.1', '2020-02', '01', '2020-08-03', '02.1', '', 3.8558333333333),
(47, '07.1', '2020-02', '01', '2020-08-03', '02.1', '1', 3.887),
(48, '08.1', '2020-02', '01', '2020-08-03', '02.1', '1', 4.015),
(49, '09.1', '2020-02', '01', '2020-08-03', '02.1', '1', 3.901),
(50, '09.2', '2020-02', '01', '2020-08-03', '02.1', '1', 3.857),
(51, '04.1', '2020-03', '01', '2020-08-03', '02.1', '1', 3.739),
(52, '05.1', '2020-03', '01', '2020-08-03', '02.1', '1', 3.831),
(53, '07.1', '2020-03', '01', '2020-08-03', '02.1', '1', 3.893),
(54, '08.1', '2020-03', '01', '2020-08-03', '02.1', '1', 3.925),
(55, '09.1', '2020-03', '01', '2020-08-03', '02.1', '1', 3.671),
(56, '09.2', '2020-03', '01', '2020-08-03', '02.1', '1', 3.965),
(57, '04.1', '2019-07', '01', '2020-08-03', '02.1', '', 0),
(58, '05.1', '2019-07', '01', '2020-08-03', '02.1', '', 0),
(59, '07.1', '2019-07', '01', '2020-08-03', '02.1', '', 0),
(60, '08.1', '2019-07', '01', '2020-08-03', '02.1', '', 0),
(61, '09.1', '2019-07', '01', '2020-08-03', '02.1', '', 0),
(62, '09.2', '2019-07', '01', '2020-08-03', '02.1', '', 0),
(63, '04.1', '2019-08', '01', '2020-08-03', '02.1', '', 0),
(64, '05.1', '2019-08', '01', '2020-08-03', '02.1', '', 0),
(65, '02.2', '2019-08', '01', '2020-08-03', '02.1', '', 0),
(66, '07.1', '2019-08', '01', '2020-08-03', '02.1', '', 0),
(67, '08.1', '2019-08', '01', '2020-08-03', '02.1', '', 0),
(68, '09.1', '2019-08', '01', '2020-08-03', '02.1', '', 0),
(69, '09.2', '2019-08', '01', '2020-08-03', '02.1', '', 0),
(70, '01.1', '2020-04', '01', '2020-08-03', '02.1', '1', 4.003),
(71, '04.1', '2020-04', '01', '2020-08-03', '02.1', '1', 4.19),
(72, '05.1', '2020-04', '01', '2020-08-03', '02.1', '1', 3.929),
(73, '07.1', '2020-04', '01', '2020-08-03', '02.1', '1', 3.718),
(74, '08.1', '2020-04', '01', '2020-08-03', '02.1', '1', 3.753),
(75, '09.2', '2020-04', '01', '2020-08-03', '02.1', '1', 3.764),
(76, '09.1', '2020-04', '01', '2020-08-03', '02.1', '1', 4.069),
(77, '04.1', '2020-05', '01', '2020-08-03', '02.1', '1', 4.042),
(78, '05.1', '2020-05', '01', '2020-08-03', '02.1', '1', 3.838),
(79, '08.1', '2020-05', '01', '2020-08-03', '02.1', '1', 3.92),
(80, '09.1', '2020-05', '01', '2020-08-03', '02.1', '1', 3.913),
(81, '09.2', '2020-05', '01', '2020-08-03', '02.1', '1', 4.049),
(82, '02.2', '2019-06', '01', '2020-08-03', '02.1', '', 0),
(83, '04.1', '2019-06', '01', '2020-08-03', '02.1', '', 0),
(84, '05.1', '2019-06', '01', '2020-08-03', '02.1', '', 0),
(85, '07.1', '2019-06', '01', '2020-08-03', '02.1', '', 0),
(86, '08.1', '2019-06', '01', '2020-08-03', '02.1', '', 0),
(87, '09.1', '2019-06', '01', '2020-08-03', '02.1', '', 0),
(88, '09.2', '2019-06', '01', '2020-08-03', '02.1', '', 0),
(89, '01.1', '2019-09', '01', '2020-08-03', '02.1', '', 0),
(90, '02.2', '2019-09', '01', '2020-08-03', '02.1', '', 0),
(91, '04.1', '2019-09', '01', '2020-08-03', '02.1', '', 0),
(92, '05.1', '2019-09', '01', '2020-08-03', '02.1', '', 0),
(93, '07.1', '2019-09', '01', '2020-08-03', '02.1', '', 0),
(94, '08.1', '2019-09', '01', '2020-08-03', '02.1', '', 0),
(95, '09.1', '2019-09', '01', '2020-08-03', '02.1', '', 0),
(96, '09.2', '2019-09', '01', '2020-08-03', '02.1', '', 0),
(97, '01.1', '2019-10', '01', '2020-08-03', '02.1', '', 0),
(98, '02.2', '2019-10', '01', '2020-08-03', '02.1', '', 0),
(99, '04.1', '2019-10', '01', '2020-08-03', '02.1', '', 0),
(100, '05.1', '2019-10', '01', '2020-08-03', '02.1', '', 0),
(101, '07.1', '2019-10', '01', '2020-08-03', '02.1', '', 0),
(102, '08.1', '2019-10', '01', '2020-08-03', '02.1', '', 0),
(103, '09.1', '2019-10', '01', '2020-08-03', '02.1', '', 0),
(104, '09.2', '2019-10', '01', '2020-08-03', '02.1', '', 0),
(105, '01.1', '2019-11', '01', '2020-08-03', '02.1', '', 0),
(106, '02.2', '2019-11', '01', '2020-08-03', '02.1', '', 0),
(107, '04.1', '2019-11', '01', '2020-08-03', '02.1', '', 0),
(108, '05.1', '2019-11', '01', '2020-08-03', '02.1', '', 0),
(109, '07.1', '2019-11', '01', '2020-08-03', '02.1', '', 0),
(110, '08.1', '2019-11', '01', '2020-08-03', '02.1', '', 0),
(111, '09.1', '2019-11', '01', '2020-08-03', '02.1', '', 0),
(112, '09.2', '2019-11', '01', '2020-08-03', '02.1', '', 0),
(114, '02.2', '2019-12', '01', '2020-08-03', '02.1', '1', 3.983),
(115, '04.1', '2019-12', '01', '2020-08-03', '02.1', '1', 4.162),
(116, '05.1', '2019-12', '01', '2020-08-03', '02.1', '1', 3.835),
(117, '07.1', '2019-12', '01', '2020-08-03', '02.1', '1', 3.842),
(119, '09.1', '2019-12', '01', '2020-08-03', '02.1', '1', 3.738),
(120, '09.2', '2019-12', '01', '2020-08-03', '02.1', '1', 3.691),
(121, '01.1', '2020-01', '03', '2020-08-03', '09.2', '1', 4.011),
(122, '02.1', '2020-01', '03', '2020-08-03', '09.2', '1', 4.067),
(123, '02.2', '2020-01', '03', '2020-08-03', '09.2', '1', 4.011),
(124, '04.1', '2020-01', '03', '2020-08-03', '09.2', '1', 3.786),
(125, '05.1', '2020-01', '03', '2020-08-03', '09.2', '1', 3.766),
(126, '07.1', '2020-01', '02', '2020-08-03', '09.2', '1', 4.043),
(127, '08.1', '2020-01', '03', '2020-08-03', '09.2', '1', 3.913),
(128, '09.1', '2020-01', '03', '2020-08-03', '09.2', '1', 3.638),
(129, '09.2', '2020-01', '03', '2020-08-03', '09.2', '1', 3.87),
(130, '01.1', '2020-01', '02', '2020-08-03', '05.1', '1', 4.011),
(131, '02.1', '2020-01', '02', '2020-08-03', '05.1', '1', 4.067),
(132, '02.2', '2020-01', '02', '2020-08-03', '05.1', '1', 4.011),
(133, '04.1', '2020-01', '02', '2020-08-03', '05.1', '1', 3.786),
(134, '05.1', '2020-01', '02', '2020-08-03', '05.1', '1', 3.766),
(135, '07.1', '2020-01', '03', '2020-08-03', '05.1', '1', 4.043),
(136, '08.1', '2020-01', '02', '2020-08-03', '05.1', '1', 3.913),
(137, '09.1', '2020-01', '02', '2020-08-03', '05.1', '1', 3.638),
(138, '09.2', '2020-01', '02', '2020-08-03', '05.1', '1', 3.87),
(139, '01.1', '2020-01', '04', '2020-08-03', 'Customer', '1', 4.011),
(140, '02.1', '2019-06', '04', '2020-08-03', 'Customer', '', 0),
(141, '02.2', '2020-01', '04', '2020-08-03', 'Customer', '1', 4.011),
(142, '02.1', '2020-01', '04', '2020-08-03', 'Customer', '1', 4.067),
(143, '04.1', '2020-01', '04', '2020-08-03', 'Customer', '1', 3.786),
(144, '05.1', '2020-01', '04', '2020-08-03', 'Customer', '1', 3.766),
(145, '07.1', '2020-01', '04', '2020-08-03', 'Customer', '1', 4.043),
(146, '08.1', '2020-01', '04', '2020-08-03', 'Customer', '1', 3.913),
(147, '09.1', '2020-01', '04', '2020-08-03', 'Customer', '1', 3.638),
(148, '09.2', '2020-01', '04', '2020-08-03', 'Customer', '1', 3.87),
(149, '01.1', '2020-02', '04', '2020-08-03', 'Customer', '1', 4.054),
(150, '02.1', '2020-02', '04', '2020-08-03', 'Customer', '1', 3.891),
(151, '02.2', '2020-02', '04', '2020-08-03', 'Customer', '1', 3.891),
(152, '04.1', '2020-02', '04', '2020-08-03', 'Customer', '1', 4.108),
(153, '05.1', '2020-02', '04', '2020-08-03', 'Customer', '', 3.8558333333333),
(154, '07.1', '2020-02', '04', '2020-08-03', 'Customer', '1', 3.887),
(155, '08.1', '2020-02', '04', '2020-08-03', 'Customer', '1', 4.015),
(156, '09.1', '2020-02', '04', '2020-08-03', 'Customer', '1', 3.901),
(157, '09.2', '2020-02', '04', '2020-08-03', 'Customer', '1', 3.857),
(158, '01.1', '2020-02', '03', '2020-08-03', '05.1', '1', 4.054),
(159, '02.1', '2020-02', '03', '2020-08-03', '05.1', '1', 3.891),
(160, '02.2', '2020-02', '03', '2020-08-03', '05.1', '1', 3.891),
(161, '04.1', '2020-02', '03', '2020-08-03', '05.1', '1', 4.108),
(162, '07.1', '2020-02', '03', '2020-08-03', '05.1', '1', 3.887),
(163, '08.1', '2020-02', '03', '2020-08-03', '05.1', '1', 4.015),
(164, '09.1', '2020-02', '03', '2020-08-03', '05.1', '1', 3.901),
(165, '09.2', '2020-02', '03', '2020-08-03', '05.1', '1', 3.857),
(166, '01.1', '2020-02', '02', '2020-08-03', '09.2', '1', 4.054),
(167, '02.1', '2020-02', '02', '2020-08-03', '09.2', '1', 3.891),
(168, '02.2', '2020-02', '02', '2020-08-03', '09.2', '1', 3.891),
(169, '04.1', '2020-02', '02', '2020-08-03', '09.2', '1', 4.108),
(170, '05.1', '2020-02', '02', '2020-08-03', '09.2', '', 3.8558333333333),
(171, '07.1', '2020-02', '02', '2020-08-03', '09.2', '1', 3.887),
(172, '08.1', '2020-02', '02', '2020-08-03', '09.2', '1', 4.015),
(173, '09.1', '2020-02', '02', '2020-08-03', '09.2', '1', 3.901),
(174, '01.1', '2020-03', '03', '2020-08-03', '05.1', '1', 3.984),
(175, '02.1', '2020-03', '03', '2020-08-03', '05.1', '2', 4.045),
(176, '02.2', '2020-03', '03', '2020-08-03', '05.1', '1', 3.817),
(177, '04.1', '2020-03', '03', '2020-08-03', '05.1', '1', 3.739),
(178, '07.1', '2020-03', '03', '2020-08-03', '05.1', '1', 3.893),
(179, '08.1', '2020-03', '03', '2020-08-03', '05.1', '1', 3.925),
(180, '09.1', '2020-03', '03', '2020-08-03', '05.1', '1', 3.671),
(181, '09.2', '2020-03', '03', '2020-08-03', '05.1', '1', 3.965),
(182, '01.1', '2020-03', '04', '2020-08-03', 'Customer', '1', 3.984),
(183, '02.1', '2020-03', '04', '2020-08-03', 'Customer', '2', 4.045),
(184, '02.2', '2020-03', '04', '2020-08-03', 'Customer', '1', 3.817),
(185, '04.1', '2020-03', '04', '2020-08-03', 'Customer', '1', 3.739),
(186, '05.1', '2020-03', '04', '2020-08-03', 'Customer', '1', 3.831),
(187, '07.1', '2020-03', '04', '2020-08-03', 'Customer', '1', 3.893),
(188, '08.1', '2020-03', '04', '2020-08-03', 'Customer', '1', 3.925),
(189, '09.1', '2020-03', '04', '2020-08-03', 'Customer', '1', 3.671),
(190, '09.2', '2020-03', '04', '2020-08-03', 'Customer', '1', 3.965),
(191, '01.1', '2020-03', '02', '2020-08-03', '09.2', '1', 3.984),
(192, '02.1', '2020-03', '02', '2020-08-03', '09.2', '2', 4.045),
(193, '02.2', '2020-03', '02', '2020-08-03', '09.2', '1', 3.817),
(194, '04.1', '2020-03', '02', '2020-08-03', '09.2', '1', 3.739),
(195, '05.1', '2020-03', '02', '2020-08-03', '09.2', '1', 3.831),
(196, '07.1', '2020-03', '02', '2020-08-03', '09.2', '1', 3.893),
(197, '08.1', '2020-03', '02', '2020-08-03', '09.2', '1', 3.925),
(198, '09.1', '2020-03', '02', '2020-08-03', '09.2', '1', 3.671),
(200, '04.1', '2020-05', '02', '2020-08-03', '09.2', '1', 4.042),
(201, '05.1', '2020-05', '02', '2020-08-03', '09.2', '1', 3.838),
(202, '08.1', '2020-05', '02', '2020-08-03', '09.2', '1', 3.92),
(203, '09.1', '2020-05', '02', '2020-08-03', '09.2', '1', 3.913),
(206, '04.1', '2020-05', '04', '2020-08-03', 'Customer', '1', 4.042),
(207, '05.1', '2020-05', '04', '2020-08-03', 'Customer', '1', 3.838),
(208, '08.1', '2020-05', '04', '2020-08-03', 'Customer', '1', 3.92),
(209, '09.1', '2020-05', '04', '2020-08-03', 'Customer', '1', 3.913),
(210, '09.2', '2020-05', '04', '2020-08-03', 'Customer', '1', 4.049),
(211, '04.1', '2020-05', '03', '2020-08-03', '02.2', '1', 4.042),
(212, '05.1', '2020-05', '03', '2020-08-03', '02.2', '1', 3.838),
(213, '08.1', '2020-05', '03', '2020-08-03', '02.2', '1', 3.92),
(214, '09.1', '2020-05', '03', '2020-08-03', '02.2', '1', 3.913),
(215, '09.2', '2020-05', '03', '2020-08-03', '02.2', '1', 4.049),
(216, '01.1', '2020-04', '04', '2020-08-03', 'Customer', '1', 4.003),
(217, '04.1', '2020-04', '04', '2020-08-03', 'Customer', '1', 4.19),
(218, '05.1', '2020-04', '04', '2020-08-03', 'Customer', '1', 3.929),
(219, '07.1', '2020-04', '04', '2020-08-03', 'Customer', '1', 3.718),
(220, '08.1', '2020-04', '04', '2020-08-03', 'Customer', '1', 3.753),
(221, '09.1', '2020-04', '04', '2020-08-03', 'Customer', '1', 4.069),
(222, '04.1', '2020-04', '02', '2020-08-03', '02.2', '1', 4.19),
(223, '05.1', '2020-04', '02', '2020-08-03', '02.2', '1', 3.929),
(224, '07.1', '2020-04', '02', '2020-08-03', '02.2', '1', 3.718),
(225, '08.1', '2020-04', '02', '2020-08-03', '02.2', '1', 3.753),
(226, '09.1', '2020-04', '02', '2020-08-03', '02.2', '1', 4.069),
(227, '09.2', '2020-04', '02', '2020-08-03', '02.2', '1', 3.764),
(228, '01.1', '2020-04', '02', '2020-08-03', '07.1', '1', 4.003),
(230, '09.2', '2020-05', '02', '2020-08-03', '07.1', '1', 4.049),
(231, '04.1', '2020-04', '03', '2020-08-03', '07.1', '1', 4.19),
(232, '05.1', '2020-04', '03', '2020-08-03', '07.1', '1', 3.929),
(233, '08.1', '2020-04', '03', '2020-08-03', '07.1', '1', 3.753),
(234, '09.1', '2020-04', '03', '2020-08-03', '07.1', '1', 4.069),
(235, '09.2', '2020-04', '03', '2020-08-03', '07.1', '1', 3.764),
(236, '09.2', '2020-04', '04', '2020-08-03', 'Customer', '1', 3.764),
(237, '02.1', '2020-01', '01', '2020-08-03', '01.1', '1', 4.067),
(238, '07.1', '2020-04', '03', '2020-08-03', '09.1', '1', 3.718),
(239, '05.1', '2020-03', '03', '2020-08-03', '09.1', '1', 3.831),
(240, '09.2', '2020-03', '02', '2020-08-03', '09.1', '1', 3.965),
(241, '09.2', '2020-02', '02', '2020-08-03', '09.1', '1', 3.857),
(242, '05.1', '2020-02', '03', '2020-08-03', '09.1', '', 3.8558333333333),
(243, '02.1', '2020-02', '01', '2020-08-03', '01.1', '1', 3.891),
(244, '02.1', '2020-03', '01', '2020-08-03', '01.1', '2', 4.045),
(246, '02.1', '2019-12', '03', '2020-08-04', '09.2', '1', 3.798),
(247, '02.2', '2019-12', '03', '2020-08-04', '09.2', '1', 3.983),
(248, '04.1', '2019-12', '03', '2020-08-04', '09.2', '1', 4.162),
(249, '05.1', '2019-12', '03', '2020-08-04', '09.2', '1', 3.835),
(250, '07.1', '2019-12', '03', '2020-08-04', '09.2', '1', 3.842),
(252, '09.1', '2019-12', '03', '2020-08-04', '09.2', '1', 3.738),
(254, '02.1', '2019-12', '04', '2020-08-04', 'Customer', '1', 3.798),
(255, '02.2', '2019-12', '04', '2020-08-04', 'Customer', '1', 3.983),
(256, '04.1', '2019-12', '04', '2020-08-04', 'Customer', '1', 4.162),
(257, '05.1', '2019-12', '04', '2020-08-04', 'Customer', '1', 3.835),
(258, '07.1', '2019-12', '04', '2020-08-04', 'Customer', '1', 3.842),
(260, '09.1', '2019-12', '04', '2020-08-04', 'Customer', '1', 3.738),
(261, '09.2', '2019-12', '04', '2020-08-04', 'Customer', '1', 3.691),
(263, '02.1', '2019-12', '02', '2020-08-04', '04.1', '1', 3.798),
(264, '02.2', '2019-12', '02', '2020-08-04', '04.1', '1', 3.983),
(265, '05.1', '2019-12', '02', '2020-08-04', '04.1', '1', 3.835),
(266, '07.1', '2019-12', '02', '2020-08-04', '04.1', '1', 3.842),
(268, '09.1', '2019-12', '02', '2020-08-04', '04.1', '1', 3.738),
(269, '09.2', '2019-12', '02', '2020-08-04', '04.1', '1', 3.691),
(270, '02.1', '2019-12', '01', '2020-08-04', '01.1', '1', 3.798),
(271, '04.1', '2019-12', '02', '2020-08-04', '01.1', '1', 4.162),
(272, '09.2', '2019-12', '03', '2020-08-04', '01.1', '1', 3.691),
(273, '02.1', '2020-08', '01', '2020-08-06', '01.1', '', 0);

--
-- Indexes for dumped tables
--

--
-- Indexes for table `master_bagian`
--
ALTER TABLE `master_bagian`
  ADD PRIMARY KEY (`kdbag`);

--
-- Indexes for table `master_bobot`
--
ALTER TABLE `master_bobot`
  ADD PRIMARY KEY (`kdbobot`);

--
-- Indexes for table `master_checkclock`
--
ALTER TABLE `master_checkclock`
  ADD PRIMARY KEY (`id_waktu`);

--
-- Indexes for table `master_jabatan`
--
ALTER TABLE `master_jabatan`
  ADD PRIMARY KEY (`kdjab`);

--
-- Indexes for table `master_karyawan`
--
ALTER TABLE `master_karyawan`
  ADD PRIMARY KEY (`NIK`);

--
-- Indexes for table `master_kriteria`
--
ALTER TABLE `master_kriteria`
  ADD PRIMARY KEY (`kdkri`);

--
-- Indexes for table `master_penilai`
--
ALTER TABLE `master_penilai`
  ADD PRIMARY KEY (`kdpenilai`);

--
-- Indexes for table `master_rating`
--
ALTER TABLE `master_rating`
  ADD PRIMARY KEY (`kdrating`);

--
-- Indexes for table `transaksi_penilaian`
--
ALTER TABLE `transaksi_penilaian`
  ADD PRIMARY KEY (`kdnilai`);

--
-- AUTO_INCREMENT for dumped tables
--

--
-- AUTO_INCREMENT for table `master_rating`
--
ALTER TABLE `master_rating`
  MODIFY `kdrating` int(20) NOT NULL AUTO_INCREMENT, AUTO_INCREMENT=6;

DELIMITER $$
--
-- Events
--
CREATE DEFINER=`root`@`localhost` EVENT `absen_direktur` ON SCHEDULE EVERY 1 DAY STARTS '2019-02-22 08:21:00' ON COMPLETION NOT PRESERVE ENABLE COMMENT 'Auto absen direktur' DO INSERT INTO `absensi_karyawan`(`NIK`, `tgl_kerja`, `absen_masuk`, `absen_keluar`) VALUES ('01.1',CURDATE(),'08:29:00','16:31:00'),('02.1',CURDATE(),'08:29:00','16:31:00')$$

DELIMITER ;
COMMIT;

/*!40101 SET CHARACTER_SET_CLIENT=@OLD_CHARACTER_SET_CLIENT */;
/*!40101 SET CHARACTER_SET_RESULTS=@OLD_CHARACTER_SET_RESULTS */;
/*!40101 SET COLLATION_CONNECTION=@OLD_COLLATION_CONNECTION */;
